{"mean":{"confidence_interval":{"confidence_level":0.95,"lower_bound":6255689651.5,"upper_bound":6347324185.0},"point_estimate":6300922835.8,"standard_error":23482403.568568643},"median":{"confidence_interval":{"confidence_level":0.95,"lower_bound":6243273387.5,"upper_bound":6352506773.0},"point_estimate":6297534547.5,"standard_error":28761318.298068136},"median_abs_dev":{"confidence_interval":{"confidence_level":0.95,"lower_bound":21564641.972351074,"upper_bound":132588131.35069013},"point_estimate":72540577.38214731,"standard_error":28609543.851463873},"slope":null,"std_dev":{"confidence_interval":{"confidence_level":0.95,"lower_bound":41478583.69566423,"upper_bound":101824634.98257579},"point_estimate":78261495.93473127,"standard_error":15431625.882187238}}