{"mean":{"confidence_interval":{"confidence_level":0.95,"lower_bound":6232475253.465,"upper_bound":6266346896.6},"point_estimate":6248351017.3,"standard_error":8725008.326966356},"median":{"confidence_interval":{"confidence_level":0.95,"lower_bound":6229102232.5,"upper_bound":6271903437.0},"point_estimate":6235755371.0,"standard_error":11368984.956824088},"median_abs_dev":{"confidence_interval":{"confidence_level":0.95,"lower_bound":734924.8069524765,"upper_bound":46603848.1629163},"point_estimate":15111649.308514595,"standard_error":12220112.478095297},"slope":null,"std_dev":{"confidence_interval":{"confidence_level":0.95,"lower_bound":11297914.748952609,"upper_bound":35701705.934167124},"point_estimate":28975860.677396644,"standard_error":5828874.286606197}}