{"mean":{"confidence_interval":{"confidence_level":0.95,"lower_bound":1000108556.5825,"upper_bound":1018143423.5749999},"point_estimate":1007490994.2,"standard_error":4785448.065329168},"median":{"confidence_interval":{"confidence_level":0.95,"lower_bound":998295192.5,"upper_bound":1008753932.0},"point_estimate":1004184039.5,"standard_error":2470682.799383974},"median_abs_dev":{"confidence_interval":{"confidence_level":0.95,"lower_bound":1336746.9773679972,"upper_bound":14489846.879553795},"point_estimate":5683011.039206386,"standard_error":3610551.836066306},"slope":null,"std_dev":{"confidence_interval":{"confidence_level":0.95,"lower_bound":3645473.4710371695,"upper_bound":23911898.97282047},"point_estimate":15944044.422685541,"standard_error":6454290.551503128}}