{"mean":{"confidence_interval":{"confidence_level":0.95,"lower_bound":1001101043.505,"upper_bound":1116506442.595},"point_estimate":1043073136.9,"standard_error":33697540.26826512},"median":{"confidence_interval":{"confidence_level":0.95,"lower_bound":998772267.0,"upper_bound":1029219713.0},"point_estimate":1001385783.0,"standard_error":11864773.51997201},"median_abs_dev":{"confidence_interval":{"confidence_level":0.95,"lower_bound":1345622.562110424,"upper_bound":36146396.70687318},"point_estimate":10518832.577553391,"standard_error":13640656.837815322},"slope":null,"std_dev":{"confidence_interval":{"confidence_level":0.95,"lower_bound":8077673.202292017,"upper_bound":172755535.17329848},"point_estimate":112400860.65761532,"standard_error":57685680.81759124}}