{"mean":{"confidence_interval":{"confidence_level":0.95,"lower_bound":66093284901.4,"upper_bound":66981056391.579994},"point_estimate":66512638018.5,"standard_error":226837824.3306846},"median":{"confidence_interval":{"confidence_level":0.95,"lower_bound":65939297109.0,"upper_bound":66958212235.0},"point_estimate":66410062680.5,"standard_error":259843757.37636256},"median_abs_dev":{"confidence_interval":{"confidence_level":0.95,"lower_bound":170894430.10761738,"upper_bound":1244606119.9530244},"point_estimate":670930303.503406,"standard_error":257903621.12079906},"slope":null,"std_dev":{"confidence_interval":{"confidence_level":0.95,"lower_bound":352919929.5292682,"upper_bound":1019405873.1651896},"point_estimate":754316349.3675063,"standard_error":179917287.4089616}}