{"mean":{"confidence_interval":{"confidence_level":0.95,"lower_bound":22891113119.6,"upper_bound":23368030635.9},"point_estimate":23115130161.7,"standard_error":123073917.6833055},"median":{"confidence_interval":{"confidence_level":0.95,"lower_bound":22794097892.0,"upper_bound":23579500273.0},"point_estimate":22960890968.5,"standard_error":186236950.04663694},"median_abs_dev":{"confidence_interval":{"confidence_level":0.95,"lower_bound":55605814.916199446,"upper_bound":657866023.2004434},"point_estimate":276737967.21991897,"standard_error":153536751.6749205},"slope":null,"std_dev":{"confidence_interval":{"confidence_level":0.95,"lower_bound":126430319.82465181,"upper_bound":481509896.70643926},"point_estimate":411758052.5111574,"standard_error":74526353.33600675}}