{"mean":{"confidence_interval":{"confidence_level":0.95,"lower_bound":91372160372.4,"upper_bound":92455568387.0},"point_estimate":91898004192.5,"standard_error":276936937.8308539},"median":{"confidence_interval":{"confidence_level":0.95,"lower_bound":91276571983.0,"upper_bound":92660875685.0},"point_estimate":91692903734.0,"standard_error":327658670.8854359},"median_abs_dev":{"confidence_interval":{"confidence_level":0.95,"lower_bound":92608101.76187754,"upper_bound":1601682252.3392558},"point_estimate":756612057.7187508,"standard_error":406336601.76843196},"slope":null,"std_dev":{"confidence_interval":{"confidence_level":0.95,"lower_bound":467812701.72424424,"upper_bound":1168294510.2712793},"point_estimate":922130222.5477374,"standard_error":175016820.16557103}}