{"mean":{"confidence_interval":{"confidence_level":0.95,"lower_bound":24271151581.6,"upper_bound":24650133083.0},"point_estimate":24462678307.5,"standard_error":96831448.99366316},"median":{"confidence_interval":{"confidence_level":0.95,"lower_bound":24302403582.5,"upper_bound":24695032552.5},"point_estimate":24430131515.0,"standard_error":94181504.5627248},"median_abs_dev":{"confidence_interval":{"confidence_level":0.95,"lower_bound":24711291.40008688,"upper_bound":573769664.2866522},"point_estimate":258966079.14173305,"standard_error":147247774.5029804},"slope":null,"std_dev":{"confidence_interval":{"confidence_level":0.95,"lower_bound":158625152.78699997,"upper_bound":426769588.7313929},"point_estimate":323088125.926985,"standard_error":69624887.49917258}}