{"mean":{"confidence_interval":{"confidence_level":0.95,"lower_bound":20314504153.13,"upper_bound":20505629728.844997},"point_estimate":20415751018.0,"standard_error":48975858.718491524},"median":{"confidence_interval":{"confidence_level":0.95,"lower_bound":20320836554.5,"upper_bound":20512239765.5},"point_estimate":20433068583.0,"standard_error":36177558.019270465},"median_abs_dev":{"confidence_interval":{"confidence_level":0.95,"lower_bound":15127244.036337733,"upper_bound":283910286.99768484},"point_estimate":57834221.98063731,"standard_error":74209852.92531271},"slope":null,"std_dev":{"confidence_interval":{"confidence_level":0.95,"lower_bound":64757201.12136344,"upper_bound":219776400.4884886},"point_estimate":163378994.14930344,"standard_error":40571850.94630697}}