{"mean":{"confidence_interval":{"confidence_level":0.95,"lower_bound":11892664780.41,"upper_bound":11981745454.102499},"point_estimate":11934457419.8,"standard_error":22851412.626402862},"median":{"confidence_interval":{"confidence_level":0.95,"lower_bound":11875857256.0,"upper_bound":12001378059.0},"point_estimate":11909541049.0,"standard_error":31163016.34459104},"median_abs_dev":{"confidence_interval":{"confidence_level":0.95,"lower_bound":9993008.481788635,"upper_bound":128715071.68765068},"point_estimate":55148000.646427274,"standard_error":29032168.221877158},"slope":null,"std_dev":{"confidence_interval":{"confidence_level":0.95,"lower_bound":25375683.421464454,"upper_bound":91661795.99430464},"point_estimate":76216793.99891922,"standard_error":14774902.58616472}}