{"mean":{"confidence_interval":{"confidence_level":0.95,"lower_bound":12061088361.3725,"upper_bound":12134966438.237501},"point_estimate":12097187990.1,"standard_error":18927281.13895713},"median":{"confidence_interval":{"confidence_level":0.95,"lower_bound":12047750702.0,"upper_bound":12148216875.5},"point_estimate":12095006350.0,"standard_error":22970460.554960787},"median_abs_dev":{"confidence_interval":{"confidence_level":0.95,"lower_bound":12419959.404301643,"upper_bound":119257105.36696315},"point_estimate":63414903.9696604,"standard_error":27917181.368210632},"slope":null,"std_dev":{"confidence_interval":{"confidence_level":0.95,"lower_bound":34480527.30512036,"upper_bound":79072101.94756652},"point_estimate":63256906.37637595,"standard_error":11362492.238063524}}