{"mean":{"confidence_interval":{"confidence_level":0.95,"lower_bound":268549279276.1,"upper_bound":273267838502.56},"point_estimate":270776758971.4,"standard_error":1210533215.94221},"median":{"confidence_interval":{"confidence_level":0.95,"lower_bound":267058540761.0,"upper_bound":273561397742.5},"point_estimate":270287691311.5,"standard_error":1724663202.241495},"median_abs_dev":{"confidence_interval":{"confidence_level":0.95,"lower_bound":261923948.37352037,"upper_bound":6750024451.341811},"point_estimate":4676290433.468449,"standard_error":1735531330.5862682},"slope":null,"std_dev":{"confidence_interval":{"confidence_level":0.95,"lower_bound":1927433432.7504961,"upper_bound":5033398920.965317},"point_estimate":4039764693.669176,"standard_error":777724986.6747984}}