{"mean":{"confidence_interval":{"confidence_level":0.95,"lower_bound":19955651292.39,"upper_bound":20048797493.420002},"point_estimate":20000941686.3,"standard_error":23763688.083452523},"median":{"confidence_interval":{"confidence_level":0.95,"lower_bound":19939744184.5,"upper_bound":20034985947.0},"point_estimate":20006099378.5,"standard_error":23740407.926459342},"median_abs_dev":{"confidence_interval":{"confidence_level":0.95,"lower_bound":6139022.467410564,"upper_bound":138933387.9222393},"point_estimate":47923367.328590155,"standard_error":32987606.76799779},"slope":null,"std_dev":{"confidence_interval":{"confidence_level":0.95,"lower_bound":29756801.053459957,"upper_bound":108493951.36036482},"point_estimate":79306926.91354571,"standard_error":19469882.176968597}}