{"mean":{"confidence_interval":{"confidence_level":0.95,"lower_bound":4030516898.2,"upper_bound":4124573767.3474994},"point_estimate":4078689008.1,"standard_error":24167612.675769374},"median":{"confidence_interval":{"confidence_level":0.95,"lower_bound":4004966522.0,"upper_bound":4149812083.5},"point_estimate":4092705184.5,"standard_error":35957470.2529494},"median_abs_dev":{"confidence_interval":{"confidence_level":0.95,"lower_bound":24329114.19187188,"upper_bound":134384872.7610916},"point_estimate":84746570.92344761,"standard_error":29715044.919640195},"slope":null,"std_dev":{"confidence_interval":{"confidence_level":0.95,"lower_bound":45513461.67070676,"upper_bound":98105987.99389637},"point_estimate":80642917.37376915,"standard_error":13180744.081814362}}