{"mean":{"confidence_interval":{"confidence_level":0.95,"lower_bound":597537360.5699999,"upper_bound":616122656.2075},"point_estimate":605105383.1,"standard_error":4970311.052367932},"median":{"confidence_interval":{"confidence_level":0.95,"lower_bound":596605913.5,"upper_bound":607958236.5},"point_estimate":600791444.5,"standard_error":2746061.4600758776},"median_abs_dev":{"confidence_interval":{"confidence_level":0.95,"lower_bound":1306569.3962037563,"upper_bound":14836081.416606903},"point_estimate":5170042.567813396,"standard_error":3662598.554758785},"slope":null,"std_dev":{"confidence_interval":{"confidence_level":0.95,"lower_bound":3595108.646197806,"upper_bound":24691307.932637},"point_estimate":16508399.046303347,"standard_error":6688826.371772792}}