{"mean":{"confidence_interval":{"confidence_level":0.95,"lower_bound":16318202834.08,"upper_bound":16584568626.6225},"point_estimate":16441210837.7,"standard_error":65582250.015398115},"median":{"confidence_interval":{"confidence_level":0.95,"lower_bound":16389057917.0,"upper_bound":16464733528.5},"point_estimate":16428327207.0,"standard_error":23174423.279979456},"median_abs_dev":{"confidence_interval":{"confidence_level":0.95,"lower_bound":1666077.650821209,"upper_bound":278079799.5151967},"point_estimate":53359320.87338269,"standard_error":61785477.76440575},"slope":null,"std_dev":{"confidence_interval":{"confidence_level":0.95,"lower_bound":21502056.200509436,"upper_bound":325960489.45942384},"point_estimate":218395433.49830782,"standard_error":78874517.55709632}}