{"mean":{"confidence_interval":{"confidence_level":0.95,"lower_bound":5623903933.4925,"upper_bound":5755522971.4},"point_estimate":5689224133.1,"standard_error":33843750.68341247},"median":{"confidence_interval":{"confidence_level":0.95,"lower_bound":5576983270.0,"upper_bound":5806984984.0},"point_estimate":5675217687.0,"standard_error":64310434.617842086},"median_abs_dev":{"confidence_interval":{"confidence_level":0.95,"lower_bound":16977296.035292745,"upper_bound":178103621.40542865},"point_estimate":154178592.06028283,"standard_error":46953987.89870608},"slope":null,"std_dev":{"confidence_interval":{"confidence_level":0.95,"lower_bound":73797629.67276208,"upper_bound":128796424.66676246},"point_estimate":112752278.53024375,"standard_error":14101565.242043693}}