{"mean":{"confidence_interval":{"confidence_level":0.95,"lower_bound":2058844538.1,"upper_bound":2084008628.3},"point_estimate":2071068602.7,"standard_error":6443771.080156726},"median":{"confidence_interval":{"confidence_level":0.95,"lower_bound":2053737369.0,"upper_bound":2090129918.5},"point_estimate":2064953627.5,"standard_error":10863269.7576792},"median_abs_dev":{"confidence_interval":{"confidence_level":0.95,"lower_bound":5589154.306572676,"upper_bound":33558114.444324374},"point_estimate":26335553.05995047,"standard_error":8032314.081603753},"slope":null,"std_dev":{"confidence_interval":{"confidence_level":0.95,"lower_bound":12976138.697602313,"upper_bound":26089659.69033154},"point_estimate":21446938.209060844,"standard_error":3356972.816730226}}