{"mean":{"confidence_interval":{"confidence_level":0.95,"lower_bound":15161010155.5,"upper_bound":15580413167.15},"point_estimate":15352439264.7,"standard_error":107985697.0087993},"median":{"confidence_interval":{"confidence_level":0.95,"lower_bound":15080814892.0,"upper_bound":15569483897.0},"point_estimate":15282726788.5,"standard_error":113557048.31074584},"median_abs_dev":{"confidence_interval":{"confidence_level":0.95,"lower_bound":47126492.08173752,"upper_bound":561625117.842561},"point_estimate":223667129.90811467,"standard_error":131713918.77300331},"slope":null,"std_dev":{"confidence_interval":{"confidence_level":0.95,"lower_bound":140295848.3564457,"upper_bound":481441831.1414548},"point_estimate":359476386.86124563,"standard_error":92665835.04180136}}