{"mean":{"confidence_interval":{"confidence_level":0.95,"lower_bound":6873935691.4575,"upper_bound":6927057780.1825},"point_estimate":6899871641.2,"standard_error":13590284.40201787},"median":{"confidence_interval":{"confidence_level":0.95,"lower_bound":6860682117.0,"upper_bound":6939149197.0},"point_estimate":6891389537.0,"standard_error":22552986.69411197},"median_abs_dev":{"confidence_interval":{"confidence_level":0.95,"lower_bound":6716975.519549847,"upper_bound":70858295.65491378},"point_estimate":62996946.43498063,"standard_error":17544027.753213868},"slope":null,"std_dev":{"confidence_interval":{"confidence_level":0.95,"lower_bound":27583954.913068008,"upper_bound":55811007.10670777},"point_estimate":45388477.93538436,"standard_error":7319145.603425557}}