{"mean":{"confidence_interval":{"confidence_level":0.95,"lower_bound":31119485.905009255,"upper_bound":32300861.108068783},"point_estimate":31570341.964735456,"standard_error":332699.7748682676},"median":{"confidence_interval":{"confidence_level":0.95,"lower_bound":31083580.916666668,"upper_bound":31589349.185714282},"point_estimate":31183950.407407407,"standard_error":140536.4660662568},"median_abs_dev":{"confidence_interval":{"confidence_level":0.95,"lower_bound":24272.434889080716,"upper_bound":603628.4145112309},"point_estimate":192151.10937863367,"standard_error":164778.58594956153},"slope":{"confidence_interval":{"confidence_level":0.95,"lower_bound":31065056.373493977,"upper_bound":31948928.550377075},"point_estimate":31361520.094372295,"standard_error":227581.53576424866},"std_dev":{"confidence_interval":{"confidence_level":0.95,"lower_bound":110024.31108499007,"upper_bound":1695129.0342063163},"point_estimate":1110369.1829587761,"standard_error":524641.7304701069}}