{"mean":{"confidence_interval":{"confidence_level":0.95,"lower_bound":82894051072.14,"upper_bound":83329227667.3},"point_estimate":83129976320.7,"standard_error":111379938.5344041},"median":{"confidence_interval":{"confidence_level":0.95,"lower_bound":82999190575.0,"upper_bound":83323800868.0},"point_estimate":83190847006.5,"standard_error":87873697.12428243},"median_abs_dev":{"confidence_interval":{"confidence_level":0.95,"lower_bound":46298126.41144395,"upper_bound":543417722.6938069},"point_estimate":210765324.0297675,"standard_error":123859572.56710164},"slope":null,"std_dev":{"confidence_interval":{"confidence_level":0.95,"lower_bound":129454954.99245286,"upper_bound":522587657.2266362},"point_estimate":370957220.7867313,"standard_error":108896619.66305944}}