{"mean":{"confidence_interval":{"confidence_level":0.95,"lower_bound":9310560207.77,"upper_bound":9563435414.8475},"point_estimate":9424922900.1,"standard_error":65193619.45224607},"median":{"confidence_interval":{"confidence_level":0.95,"lower_bound":9257650656.0,"upper_bound":9537272532.0},"point_estimate":9370669707.0,"standard_error":71663792.41686621},"median_abs_dev":{"confidence_interval":{"confidence_level":0.95,"lower_bound":19111791.510897875,"upper_bound":328510871.2803662},"point_estimate":181946485.69610417,"standard_error":80599731.01092122},"slope":null,"std_dev":{"confidence_interval":{"confidence_level":0.95,"lower_bound":70855602.69322936,"upper_bound":291057000.01893836},"point_estimate":217179864.99749494,"standard_error":56667434.735436715}}