{"mean":{"confidence_interval":{"confidence_level":0.95,"lower_bound":214239253425.12,"upper_bound":216316738598.375},"point_estimate":215331949251.7,"standard_error":535041988.7698457},"median":{"confidence_interval":{"confidence_level":0.95,"lower_bound":214029414224.0,"upper_bound":216633451230.0},"point_estimate":215955378854.0,"standard_error":730185711.099929},"median_abs_dev":{"confidence_interval":{"confidence_level":0.95,"lower_bound":325212643.7965214,"upper_bound":3025356327.8702884},"point_estimate":1620613942.0531511,"standard_error":702158644.584601},"slope":null,"std_dev":{"confidence_interval":{"confidence_level":0.95,"lower_bound":900522228.4353652,"upper_bound":2299810223.767212},"point_estimate":1778206316.3682384,"standard_error":368976190.13203925}}