{"mean":{"confidence_interval":{"confidence_level":0.95,"lower_bound":13990581172.775,"upper_bound":14080052723.0},"point_estimate":14032746454.5,"standard_error":22984862.855313547},"median":{"confidence_interval":{"confidence_level":0.95,"lower_bound":13991316921.0,"upper_bound":14084417740.5},"point_estimate":14008925827.5,"standard_error":22172096.51810721},"median_abs_dev":{"confidence_interval":{"confidence_level":0.95,"lower_bound":7164370.818006992,"upper_bound":122962896.6183722},"point_estimate":33018216.768309474,"standard_error":32663064.841579244},"slope":null,"std_dev":{"confidence_interval":{"confidence_level":0.95,"lower_bound":28937795.387948412,"upper_bound":99958062.06597342},"point_estimate":76773556.35554467,"standard_error":17685893.04462163}}