{"mean":{"confidence_interval":{"confidence_level":0.95,"lower_bound":630553984.28,"upper_bound":653403259.7},"point_estimate":641936038.6,"standard_error":5839813.069989184},"median":{"confidence_interval":{"confidence_level":0.95,"lower_bound":626777964.5,"upper_bound":655561344.0},"point_estimate":641576153.0,"standard_error":6913889.105163216},"median_abs_dev":{"confidence_interval":{"confidence_level":0.95,"lower_bound":5032743.432050943,"upper_bound":34961807.48220384},"point_estimate":19417746.771866083,"standard_error":8061934.1548161255},"slope":null,"std_dev":{"confidence_interval":{"confidence_level":0.95,"lower_bound":10924750.776222931,"upper_bound":24731175.25930665},"point_estimate":19530375.014043637,"standard_error":3574439.425545944}}