{"mean":{"confidence_interval":{"confidence_level":0.95,"lower_bound":3289033512.9,"upper_bound":3332594718.3},"point_estimate":3309759578.4,"standard_error":11117481.333813524},"median":{"confidence_interval":{"confidence_level":0.95,"lower_bound":3274354584.0,"upper_bound":3330547317.5},"point_estimate":3314861246.0,"standard_error":17859633.038915325},"median_abs_dev":{"confidence_interval":{"confidence_level":0.95,"lower_bound":1118451.1811435223,"upper_bound":76526966.98717475},"point_estimate":37508086.20489836,"standard_error":18120312.914625846},"slope":null,"std_dev":{"confidence_interval":{"confidence_level":0.95,"lower_bound":21558922.867241185,"upper_bound":48301255.688593365},"point_estimate":37092578.707292795,"standard_error":7501275.667206254}}