{"mean":{"confidence_interval":{"confidence_level":0.95,"lower_bound":2882468141.1825,"upper_bound":2953155308.8},"point_estimate":2921436814.1,"standard_error":18210025.472893886},"median":{"confidence_interval":{"confidence_level":0.95,"lower_bound":2895996577.0,"upper_bound":2971475090.0},"point_estimate":2933538567.0,"standard_error":19016693.815207627},"median_abs_dev":{"confidence_interval":{"confidence_level":0.95,"lower_bound":9414013.903167844,"upper_bound":88346812.17623055},"point_estimate":55952220.693549514,"standard_error":19061873.520105045},"slope":null,"std_dev":{"confidence_interval":{"confidence_level":0.95,"lower_bound":25528005.3471884,"upper_bound":85235222.10985},"point_estimate":60808945.05498246,"standard_error":17630989.48004692}}