{"mean":{"confidence_interval":{"confidence_level":0.95,"lower_bound":10118333700.475,"upper_bound":10359298371.92},"point_estimate":10233296649.6,"standard_error":61758209.19840042},"median":{"confidence_interval":{"confidence_level":0.95,"lower_bound":10043477188.0,"upper_bound":10428296239.0},"point_estimate":10194180552.5,"standard_error":80752762.42156914},"median_abs_dev":{"confidence_interval":{"confidence_level":0.95,"lower_bound":23198519.034343958,"upper_bound":330810902.74953246},"point_estimate":232030363.6820376,"standard_error":88657517.39907186},"slope":null,"std_dev":{"confidence_interval":{"confidence_level":0.95,"lower_bound":103429362.5711315,"upper_bound":260326533.67585707},"point_estimate":206213806.65789154,"standard_error":39125495.64784214}}