{"mean":{"confidence_interval":{"confidence_level":0.95,"lower_bound":588251260.3375,"upper_bound":607351004.9449999},"point_estimate":596199433.3,"standard_error":5038625.960502437},"median":{"confidence_interval":{"confidence_level":0.95,"lower_bound":585166522.0,"upper_bound":600524585.0},"point_estimate":591141133.5,"standard_error":4394704.051869852},"median_abs_dev":{"confidence_interval":{"confidence_level":0.95,"lower_bound":1547334.736329317,"upper_bound":17691505.955412984},"point_estimate":10229135.507896543,"standard_error":3991415.69179995},"slope":null,"std_dev":{"confidence_interval":{"confidence_level":0.95,"lower_bound":4934201.379977225,"upper_bound":24970008.0374579},"point_estimate":16818001.18700929,"standard_error":6350283.52182008}}