{"mean":{"confidence_interval":{"confidence_level":0.95,"lower_bound":184739999224.88748,"upper_bound":186733354161.4},"point_estimate":185768524518.7,"standard_error":512510003.29575956},"median":{"confidence_interval":{"confidence_level":0.95,"lower_bound":184460283131.0,"upper_bound":187180902889.5},"point_estimate":185758540541.5,"standard_error":684629112.7670935},"median_abs_dev":{"confidence_interval":{"confidence_level":0.95,"lower_bound":402576058.84774625,"upper_bound":2868386420.3766613},"point_estimate":2006305144.2326636,"standard_error":628008168.680684},"slope":null,"std_dev":{"confidence_interval":{"confidence_level":0.95,"lower_bound":948459004.6678953,"upper_bound":2184633561.591893},"point_estimate":1711685785.4101918,"standard_error":324353569.49712867}}