{"mean":{"confidence_interval":{"confidence_level":0.95,"lower_bound":1760217967.095,"upper_bound":1777284503.7},"point_estimate":1768588814.9,"standard_error":4362162.201763587},"median":{"confidence_interval":{"confidence_level":0.95,"lower_bound":1755763445.0,"upper_bound":1780423330.0},"point_estimate":1768349373.5,"standard_error":5268236.297129694},"median_abs_dev":{"confidence_interval":{"confidence_level":0.95,"lower_bound":1800997.213625908,"upper_bound":25218039.6232903},"point_estimate":18280372.425958514,"standard_error":6654548.435909812},"slope":null,"std_dev":{"confidence_interval":{"confidence_level":0.95,"lower_bound":8198999.483344507,"upper_bound":18505530.188215226},"point_estimate":14542160.530453479,"standard_error":2691309.0358827887}}