{"mean":{"confidence_interval":{"confidence_level":0.95,"lower_bound":1777488416.9,"upper_bound":1799657467.84},"point_estimate":1788065212.2,"standard_error":5668500.95205211},"median":{"confidence_interval":{"confidence_level":0.95,"lower_bound":1773347087.0,"upper_bound":1800682714.0},"point_estimate":1783721524.0,"standard_error":5767902.3398352545},"median_abs_dev":{"confidence_interval":{"confidence_level":0.95,"lower_bound":1266061.79972291,"upper_bound":32570146.886864305},"point_estimate":16030294.197705388,"standard_error":8764369.3946277},"slope":null,"std_dev":{"confidence_interval":{"confidence_level":0.95,"lower_bound":9015373.23220787,"upper_bound":24648642.390446547},"point_estimate":18829398.07134803,"standard_error":4094119.7931433604}}