{"mean":{"confidence_interval":{"confidence_level":0.95,"lower_bound":443258308.44875,"upper_bound":455469441.955},"point_estimate":449045699.5,"standard_error":3139834.140089957},"median":{"confidence_interval":{"confidence_level":0.95,"lower_bound":442359229.25,"upper_bound":458816597.25},"point_estimate":444696090.0,"standard_error":4424386.000368786},"median_abs_dev":{"confidence_interval":{"confidence_level":0.95,"lower_bound":392263.7064859271,"upper_bound":16609047.11253047},"point_estimate":8694831.71338588,"standard_error":4950616.858958224},"slope":null,"std_dev":{"confidence_interval":{"confidence_level":0.95,"lower_bound":4826062.025821919,"upper_bound":13075726.66968826},"point_estimate":10430119.239168404,"standard_error":2037000.638328465}}