{"mean":{"confidence_interval":{"confidence_level":0.95,"lower_bound":24362899059.2025,"upper_bound":24522796256.5525},"point_estimate":24445841182.8,"standard_error":41118222.19056014},"median":{"confidence_interval":{"confidence_level":0.95,"lower_bound":24318244665.0,"upper_bound":24556116467.0},"point_estimate":24493067189.5,"standard_error":66449520.861514315},"median_abs_dev":{"confidence_interval":{"confidence_level":0.95,"lower_bound":21101542.974972725,"upper_bound":216090548.85422587},"point_estimate":127924008.97399485,"standard_error":54139553.69006812},"slope":null,"std_dev":{"confidence_interval":{"confidence_level":0.95,"lower_bound":76894206.02240106,"upper_bound":166968688.04359183},"point_estimate":137420009.76308772,"standard_error":22911698.635499667}}