{"mean":{"confidence_interval":{"confidence_level":0.95,"lower_bound":5557332575.175,"upper_bound":5612205099.5},"point_estimate":5583134728.6,"standard_error":14046732.361528873},"median":{"confidence_interval":{"confidence_level":0.95,"lower_bound":5545145820.5,"upper_bound":5615819702.0},"point_estimate":5571181196.0,"standard_error":16244617.160730792},"median_abs_dev":{"confidence_interval":{"confidence_level":0.95,"lower_bound":3829284.416216612,"upper_bound":77735710.73061526},"point_estimate":41607208.26412439,"standard_error":18462313.44251387},"slope":null,"std_dev":{"confidence_interval":{"confidence_level":0.95,"lower_bound":22120036.560127087,"upper_bound":61375040.90363954},"point_estimate":46650842.17024183,"standard_error":10576415.258882513}}