{"mean":{"confidence_interval":{"confidence_level":0.95,"lower_bound":361752548.44375,"upper_bound":367219909.8},"point_estimate":364405862.2,"standard_error":1399346.9609348397},"median":{"confidence_interval":{"confidence_level":0.95,"lower_bound":360871920.25,"upper_bound":367655832.75},"point_estimate":364142684.75,"standard_error":1751688.682203803},"median_abs_dev":{"confidence_interval":{"confidence_level":0.95,"lower_bound":1162686.7752581835,"upper_bound":8006764.849251509},"point_estimate":3802118.736898899,"standard_error":1687307.2102155772},"slope":null,"std_dev":{"confidence_interval":{"confidence_level":0.95,"lower_bound":2439696.412893554,"upper_bound":6048298.434179706},"point_estimate":4649351.425592691,"standard_error":939319.5232993194}}