{"mean":{"confidence_interval":{"confidence_level":0.95,"lower_bound":339251812.22875,"upper_bound":350186135.6225},"point_estimate":344568234.75,"standard_error":2800883.4896365},"median":{"confidence_interval":{"confidence_level":0.95,"lower_bound":337762217.25,"upper_bound":351070640.5},"point_estimate":343764675.5,"standard_error":3387104.3570333906},"median_abs_dev":{"confidence_interval":{"confidence_level":0.95,"lower_bound":2523274.330852926,"upper_bound":15888149.183928967},"point_estimate":8834521.170955896,"standard_error":3321526.978863797},"slope":null,"std_dev":{"confidence_interval":{"confidence_level":0.95,"lower_bound":4913548.569938615,"upper_bound":12117761.06872192},"point_estimate":9345401.425520897,"standard_error":1867953.6198169482}}