{"mean":{"confidence_interval":{"confidence_level":0.95,"lower_bound":125530213.65624997,"upper_bound":129907465.26510416},"point_estimate":127435041.72916667,"standard_error":1132350.824550593},"median":{"confidence_interval":{"confidence_level":0.95,"lower_bound":125006061.33333334,"upper_bound":128048739.0},"point_estimate":126164005.66666666,"standard_error":773486.3816368422},"median_abs_dev":{"confidence_interval":{"confidence_level":0.95,"lower_bound":891459.7878134671,"upper_bound":5231376.74032449},"point_estimate":2775503.010424968,"standard_error":1088692.2921022014},"slope":null,"std_dev":{"confidence_interval":{"confidence_level":0.95,"lower_bound":1842170.0496687754,"upper_bound":6876181.626879299},"point_estimate":4655974.560810114,"standard_error":1455483.0672716717}}