{"mean":{"confidence_interval":{"confidence_level":0.95,"lower_bound":3965574203.2375,"upper_bound":4011991778.2825},"point_estimate":3987747755.8,"standard_error":11872104.919646224},"median":{"confidence_interval":{"confidence_level":0.95,"lower_bound":3950679416.0,"upper_bound":4006296520.0},"point_estimate":3991853086.0,"standard_error":14634309.16443012},"median_abs_dev":{"confidence_interval":{"confidence_level":0.95,"lower_bound":7395265.007507801,"upper_bound":70488123.05868566},"point_estimate":28943845.23304403,"standard_error":15824148.529786572},"slope":null,"std_dev":{"confidence_interval":{"confidence_level":0.95,"lower_bound":19815078.099227503,"upper_bound":53083580.39430302},"point_estimate":39447701.407714754,"standard_error":9148546.892607108}}