{"mean":{"confidence_interval":{"confidence_level":0.95,"lower_bound":1079415747.3265624,"upper_bound":1109977567.2296875},"point_estimate":1094423151.0,"standard_error":7812039.157137855},"median":{"confidence_interval":{"confidence_level":0.95,"lower_bound":1077530332.5,"upper_bound":1110118249.0},"point_estimate":1094098854.5,"standard_error":9023513.91237952},"median_abs_dev":{"confidence_interval":{"confidence_level":0.95,"lower_bound":12427134.44687426,"upper_bound":45908207.80746639},"point_estimate":27008363.599705696,"standard_error":8168769.11783418},"slope":null,"std_dev":{"confidence_interval":{"confidence_level":0.95,"lower_bound":18580479.264539268,"upper_bound":42673431.9984673},"point_estimate":32212436.7939611,"standard_error":6236147.678706746}}