{"mean":{"confidence_interval":{"confidence_level":0.95,"lower_bound":16550530731.5,"upper_bound":16838032780.1},"point_estimate":16720877113.4,"standard_error":76749872.93951021},"median":{"confidence_interval":{"confidence_level":0.95,"lower_bound":16699178763.0,"upper_bound":16863217705.0},"point_estimate":16762398469.0,"standard_error":43409885.35110301},"median_abs_dev":{"confidence_interval":{"confidence_level":0.95,"lower_bound":19291748.754402995,"upper_bound":220161775.05364716},"point_estimate":111641842.53846109,"standard_error":51783182.61636607},"slope":null,"std_dev":{"confidence_interval":{"confidence_level":0.95,"lower_bound":60040830.53391453,"upper_bound":385311698.92197454},"point_estimate":255631566.44346014,"standard_error":105178052.94230883}}