{"mean":{"confidence_interval":{"confidence_level":0.95,"lower_bound":5002888106.4,"upper_bound":5045503028.8675},"point_estimate":5024492291.8,"standard_error":10906200.819930982},"median":{"confidence_interval":{"confidence_level":0.95,"lower_bound":4997239980.5,"upper_bound":5057694381.0},"point_estimate":5019389896.0,"standard_error":16370411.4266982},"median_abs_dev":{"confidence_interval":{"confidence_level":0.95,"lower_bound":7605965.444067121,"upper_bound":64255220.878341794},"point_estimate":46813008.91940296,"standard_error":14730666.445255376},"slope":null,"std_dev":{"confidence_interval":{"confidence_level":0.95,"lower_bound":21826724.98085505,"upper_bound":45117807.032773994},"point_estimate":36414215.023921244,"standard_error":6043700.881955222}}