{"mean":{"confidence_interval":{"confidence_level":0.95,"lower_bound":162769640683.7,"upper_bound":163910906352.9},"point_estimate":163320618772.4,"standard_error":292986005.35389364},"median":{"confidence_interval":{"confidence_level":0.95,"lower_bound":162563028953.0,"upper_bound":164216004717.0},"point_estimate":163007774917.0,"standard_error":385986324.99902534},"median_abs_dev":{"confidence_interval":{"confidence_level":0.95,"lower_bound":83510513.981992,"upper_bound":1699186495.2194095},"point_estimate":1082035227.7463346,"standard_error":425017268.5096367},"slope":null,"std_dev":{"confidence_interval":{"confidence_level":0.95,"lower_bound":503173945.92146605,"upper_bound":1222702081.8972487},"point_estimate":978657731.0996262,"standard_error":181332857.5290593}}