{"mean":{"confidence_interval":{"confidence_level":0.95,"lower_bound":889761691.905,"upper_bound":901241364.1},"point_estimate":895256580.8,"standard_error":2938433.178077107},"median":{"confidence_interval":{"confidence_level":0.95,"lower_bound":888281291.5,"upper_bound":901096536.0},"point_estimate":894674477.5,"standard_error":3795546.4455233226},"median_abs_dev":{"confidence_interval":{"confidence_level":0.95,"lower_bound":1970151.4924228191,"upper_bound":16724455.659681559},"point_estimate":9201863.483834267,"standard_error":3601665.425648166},"slope":null,"std_dev":{"confidence_interval":{"confidence_level":0.95,"lower_bound":4858465.558076827,"upper_bound":13235188.756172387},"point_estimate":9812255.555749042,"standard_error":2251961.6468656426}}