{"mean":{"confidence_interval":{"confidence_level":0.95,"lower_bound":30759459314.565002,"upper_bound":31551103532.712498},"point_estimate":31129302470.4,"standard_error":203437084.50762787},"median":{"confidence_interval":{"confidence_level":0.95,"lower_bound":30711238762.0,"upper_bound":31771779363.0},"point_estimate":30858676701.5,"standard_error":257202934.24181062},"median_abs_dev":{"confidence_interval":{"confidence_level":0.95,"lower_bound":60338082.03548491,"upper_bound":1013802616.6448057},"point_estimate":227943618.36739182,"standard_error":282935613.28495777},"slope":null,"std_dev":{"confidence_interval":{"confidence_level":0.95,"lower_bound":256782018.77708718,"upper_bound":869675861.2531097},"point_estimate":678281519.4050858,"standard_error":151138903.82348618}}