{"mean":{"confidence_interval":{"confidence_level":0.95,"lower_bound":16190985220.2825,"upper_bound":16269154265.4825},"point_estimate":16228303992.9,"standard_error":20074299.3803294},"median":{"confidence_interval":{"confidence_level":0.95,"lower_bound":16159881671.0,"upper_bound":16269570329.5},"point_estimate":16234839396.5,"standard_error":28459110.54495459},"median_abs_dev":{"confidence_interval":{"confidence_level":0.95,"lower_bound":3851047.50123024,"upper_bound":129569740.16407728},"point_estimate":76332447.64672816,"standard_error":30030591.064216472},"slope":null,"std_dev":{"confidence_interval":{"confidence_level":0.95,"lower_bound":36791282.535620205,"upper_bound":87561031.0683068},"point_estimate":67293379.84143147,"standard_error":14095472.688501077}}