{"mean":{"confidence_interval":{"confidence_level":0.95,"lower_bound":56300906340.3,"upper_bound":57212463070.057495},"point_estimate":56740465396.1,"standard_error":233076539.6958643},"median":{"confidence_interval":{"confidence_level":0.95,"lower_bound":56019393139.0,"upper_bound":57475744985.0},"point_estimate":56657301006.0,"standard_error":339457478.90345705},"median_abs_dev":{"confidence_interval":{"confidence_level":0.95,"lower_bound":185927495.6871271,"upper_bound":1306411558.6105585},"point_estimate":1014633451.5853554,"standard_error":296626836.4524446},"slope":null,"std_dev":{"confidence_interval":{"confidence_level":0.95,"lower_bound":433519347.7874556,"upper_bound":970468518.3127376},"point_estimate":775630217.6246487,"standard_error":137300373.95099682}}