{"mean":{"confidence_interval":{"confidence_level":0.95,"lower_bound":185068015420.1,"upper_bound":186212819862.9},"point_estimate":185621313941.4,"standard_error":293318209.57573885},"median":{"confidence_interval":{"confidence_level":0.95,"lower_bound":184975111940.0,"upper_bound":186581163289.0},"point_estimate":185330248616.0,"standard_error":418340025.69344956},"median_abs_dev":{"confidence_interval":{"confidence_level":0.95,"lower_bound":135714733.06158185,"upper_bound":1690750232.2772832},"point_estimate":583586313.0537719,"standard_error":424355013.25994563},"slope":null,"std_dev":{"confidence_interval":{"confidence_level":0.95,"lower_bound":504486469.44390726,"upper_bound":1212996971.423711},"point_estimate":978478777.2134372,"standard_error":173292847.86726448}}