{"mean":{"confidence_interval":{"confidence_level":0.95,"lower_bound":110982774287.34,"upper_bound":112562727900.435},"point_estimate":111727900821.2,"standard_error":404665872.86612076},"median":{"confidence_interval":{"confidence_level":0.95,"lower_bound":110720938196.0,"upper_bound":112950351483.0},"point_estimate":111260428355.5,"standard_error":514604898.9564484},"median_abs_dev":{"confidence_interval":{"confidence_level":0.95,"lower_bound":69777774.57019687,"upper_bound":2098010573.1548667},"point_estimate":1063552475.9761691,"standard_error":577897199.4229194},"slope":null,"std_dev":{"confidence_interval":{"confidence_level":0.95,"lower_bound":633179169.9841679,"upper_bound":1718510989.1062207},"point_estimate":1347580957.8563862,"standard_error":273651650.9319029}}