{"mean":{"confidence_interval":{"confidence_level":0.95,"lower_bound":110929868859.365,"upper_bound":111713028647.78},"point_estimate":111321844591.5,"standard_error":201631598.95234412},"median":{"confidence_interval":{"confidence_level":0.95,"lower_bound":110633463136.0,"upper_bound":111818473465.0},"point_estimate":111464682294.0,"standard_error":337550628.8631583},"median_abs_dev":{"confidence_interval":{"confidence_level":0.95,"lower_bound":129729123.36774766,"upper_bound":1123386787.5904977},"point_estimate":660751397.7413177,"standard_error":279604200.5613408},"slope":null,"std_dev":{"confidence_interval":{"confidence_level":0.95,"lower_bound":416539378.09205234,"upper_bound":819855675.7655203},"point_estimate":671066395.1275845,"standard_error":103750738.1072264}}