{"mean":{"confidence_interval":{"confidence_level":0.95,"lower_bound":12111660781.6,"upper_bound":12308653927.23},"point_estimate":12210043094.8,"standard_error":50377115.347723834},"median":{"confidence_interval":{"confidence_level":0.95,"lower_bound":12046965451.5,"upper_bound":12378750974.0},"point_estimate":12220993548.5,"standard_error":88216984.25143646},"median_abs_dev":{"confidence_interval":{"confidence_level":0.95,"lower_bound":39793533.33812356,"upper_bound":279726192.68616736},"point_estimate":229679138.77708018,"standard_error":61075200.05886456},"slope":null,"std_dev":{"confidence_interval":{"confidence_level":0.95,"lower_bound":107857536.67468469,"upper_bound":197495698.2310841},"point_estimate":168061171.58289194,"standard_error":22820581.08053468}}