{"mean":{"confidence_interval":{"confidence_level":0.95,"lower_bound":727036896.03,"upper_bound":737786329.0},"point_estimate":732170745.8,"standard_error":2758178.0415354236},"median":{"confidence_interval":{"confidence_level":0.95,"lower_bound":723420210.0,"upper_bound":738914427.0},"point_estimate":732254563.5,"standard_error":4005131.7721647397},"median_abs_dev":{"confidence_interval":{"confidence_level":0.95,"lower_bound":1235098.4405726194,"upper_bound":15841293.094360828},"point_estimate":11485862.858185172,"standard_error":3931620.907262099},"slope":null,"std_dev":{"confidence_interval":{"confidence_level":0.95,"lower_bound":5000043.686568972,"upper_bound":11656652.78729607},"point_estimate":9182679.650436478,"standard_error":1739015.352284301}}