{"mean":{"confidence_interval":{"confidence_level":0.95,"lower_bound":71743229952.1175,"upper_bound":72263677707.2},"point_estimate":72004705823.5,"standard_error":132983989.35450093},"median":{"confidence_interval":{"confidence_level":0.95,"lower_bound":71670756170.0,"upper_bound":72371505898.5},"point_estimate":71987732718.0,"standard_error":166968561.31558412},"median_abs_dev":{"confidence_interval":{"confidence_level":0.95,"lower_bound":113955369.37388778,"upper_bound":765602959.0871304},"point_estimate":465930514.25127983,"standard_error":169805736.6885236},"slope":null,"std_dev":{"confidence_interval":{"confidence_level":0.95,"lower_bound":242885525.3578536,"upper_bound":567764258.246275},"point_estimate":442863570.8157997,"standard_error":83479679.25917481}}