{"mean":{"confidence_interval":{"confidence_level":0.95,"lower_bound":2024080517.66,"upper_bound":2089433931.5},"point_estimate":2058833847.4,"standard_error":16718512.490307054},"median":{"confidence_interval":{"confidence_level":0.95,"lower_bound":2024418421.0,"upper_bound":2103313659.5},"point_estimate":2069068288.0,"standard_error":20257084.26211249},"median_abs_dev":{"confidence_interval":{"confidence_level":0.95,"lower_bound":12849793.306070566,"upper_bound":91484343.61412823},"point_estimate":51885766.9834435,"standard_error":20111110.82703606},"slope":null,"std_dev":{"confidence_interval":{"confidence_level":0.95,"lower_bound":25027357.978579737,"upper_bound":72106703.83799933},"point_estimate":55917610.638711736,"standard_error":12156905.563373767}}