{"mean":{"confidence_interval":{"confidence_level":0.95,"lower_bound":86053190.595625,"upper_bound":88765261.81833334},"point_estimate":87161365.05125001,"standard_error":720215.8743365377},"median":{"confidence_interval":{"confidence_level":0.95,"lower_bound":85787948.16666667,"upper_bound":87773383.83125},"point_estimate":86122583.50833333,"standard_error":516901.2014555185},"median_abs_dev":{"confidence_interval":{"confidence_level":0.95,"lower_bound":147304.95588481796,"upper_bound":2208305.6496759877},"point_estimate":643435.3046317244,"standard_error":606051.6634852696},"slope":{"confidence_interval":{"confidence_level":0.95,"lower_bound":85998070.98811981,"upper_bound":87593838.63954619},"point_estimate":86587184.48181818,"standard_error":432600.86996946216},"std_dev":{"confidence_interval":{"confidence_level":0.95,"lower_bound":451419.6845371859,"upper_bound":3539964.0390535668},"point_estimate":2393627.2451552222,"standard_error":936867.3761473164}}