{"mean":{"confidence_interval":{"confidence_level":0.95,"lower_bound":7639540786.0,"upper_bound":7711074901.5},"point_estimate":7674977883.1,"standard_error":18223333.134073142},"median":{"confidence_interval":{"confidence_level":0.95,"lower_bound":7630559942.0,"upper_bound":7708100513.0},"point_estimate":7679693800.5,"standard_error":18759224.679317743},"median_abs_dev":{"confidence_interval":{"confidence_level":0.95,"lower_bound":6323833.001929522,"upper_bound":114362094.73116696},"point_estimate":43921933.040329814,"standard_error":26841313.92926592},"slope":null,"std_dev":{"confidence_interval":{"confidence_level":0.95,"lower_bound":29950954.746762265,"upper_bound":80892907.9196449},"point_estimate":60783561.409202494,"standard_error":13250785.807000443}}