{"mean":{"confidence_interval":{"confidence_level":0.95,"lower_bound":1276600162.1,"upper_bound":1301013841.495},"point_estimate":1288229128.5,"standard_error":6270152.612947466},"median":{"confidence_interval":{"confidence_level":0.95,"lower_bound":1271032172.0,"upper_bound":1304388829.0},"point_estimate":1286632472.0,"standard_error":7877914.8722783085},"median_abs_dev":{"confidence_interval":{"confidence_level":0.95,"lower_bound":4033630.429288745,"upper_bound":34073706.37637079},"point_estimate":19269410.42059958,"standard_error":8305770.081763225},"slope":null,"std_dev":{"confidence_interval":{"confidence_level":0.95,"lower_bound":10095659.682707984,"upper_bound":26509080.807173673},"point_estimate":20859441.712254256,"standard_error":4175714.7011491996}}