{"mean":{"confidence_interval":{"confidence_level":0.95,"lower_bound":15085897736.9,"upper_bound":15184004528.6},"point_estimate":15136026700.3,"standard_error":25148354.017355647},"median":{"confidence_interval":{"confidence_level":0.95,"lower_bound":15051339151.0,"upper_bound":15208771624.0},"point_estimate":15156215469.0,"standard_error":37311919.69932033},"median_abs_dev":{"confidence_interval":{"confidence_level":0.95,"lower_bound":14765956.661751866,"upper_bound":146601364.5928055},"point_estimate":79666129.28504348,"standard_error":32176179.418624938},"slope":null,"std_dev":{"confidence_interval":{"confidence_level":0.95,"lower_bound":47941608.46979685,"upper_bound":103027345.41122445},"point_estimate":83620815.13536075,"standard_error":13960034.461181125}}