{"mean":{"confidence_interval":{"confidence_level":0.95,"lower_bound":249269791.83333334,"upper_bound":296533732.56666666},"point_estimate":270708014.1,"standard_error":12125045.774594165},"median":{"confidence_interval":{"confidence_level":0.95,"lower_bound":243716460.1666667,"upper_bound":296087976.6666666},"point_estimate":250727787.0,"standard_error":14077515.22263826},"median_abs_dev":{"confidence_interval":{"confidence_level":0.95,"lower_bound":2205001.0115534216,"upper_bound":64803912.10190061},"point_estimate":12364291.97598993,"standard_error":14905262.57412791},"slope":null,"std_dev":{"confidence_interval":{"confidence_level":0.95,"lower_bound":7106989.397506912,"upper_bound":50843577.05787144},"point_estimate":40378087.29204483,"standard_error":10340034.419609115}}