{"mean":{"confidence_interval":{"confidence_level":0.95,"lower_bound":27608756072.505,"upper_bound":27980223758.2},"point_estimate":27798171316.5,"standard_error":95349372.53460032},"median":{"confidence_interval":{"confidence_level":0.95,"lower_bound":27492627531.0,"upper_bound":28061003572.0},"point_estimate":27880702238.0,"standard_error":158280574.00677124},"median_abs_dev":{"confidence_interval":{"confidence_level":0.95,"lower_bound":38437677.87099481,"upper_bound":508389215.2626872},"point_estimate":381392026.975438,"standard_error":119652875.04000935},"slope":null,"std_dev":{"confidence_interval":{"confidence_level":0.95,"lower_bound":194264643.20542777,"upper_bound":386567263.2303695},"point_estimate":317790667.14788234,"standard_error":49310035.928567216}}