{"mean":{"confidence_interval":{"confidence_level":0.95,"lower_bound":247227056189.3,"upper_bound":251526598941.57},"point_estimate":249565453973.7,"standard_error":1105667049.8354354},"median":{"confidence_interval":{"confidence_level":0.95,"lower_bound":247980896848.5,"upper_bound":252930672428.0},"point_estimate":249953148773.0,"standard_error":1124005051.5436401},"median_abs_dev":{"confidence_interval":{"confidence_level":0.95,"lower_bound":542568233.6803883,"upper_bound":5556075638.27304},"point_estimate":3057698931.2435923,"standard_error":1312259679.6173704},"slope":null,"std_dev":{"confidence_interval":{"confidence_level":0.95,"lower_bound":1597179225.5285373,"upper_bound":5138870641.574866},"point_estimate":3687784022.8538656,"standard_error":1036216351.0802484}}