{"mean":{"confidence_interval":{"confidence_level":0.95,"lower_bound":-0.010535166782404203,"upper_bound":0.02651813690665502},"point_estimate":0.009048591277201146,"standard_error":0.009488013890576243},"median":{"confidence_interval":{"confidence_level":0.95,"lower_bound":-0.013528057849900077,"upper_bound":0.027938301161446688},"point_estimate":0.01867593404724599,"standard_error":0.011646607203727921}}