{"mean":{"confidence_interval":{"confidence_level":0.95,"lower_bound":1272131028.3775,"upper_bound":1297629454.4025},"point_estimate":1283336208.3,"standard_error":6600784.142204892},"median":{"confidence_interval":{"confidence_level":0.95,"lower_bound":1266876136.0,"upper_bound":1292361075.0},"point_estimate":1280890005.0,"standard_error":6126476.082243474},"median_abs_dev":{"confidence_interval":{"confidence_level":0.95,"lower_bound":3456059.887942672,"upper_bound":29145209.737569094},"point_estimate":17685511.062419415,"standard_error":6350855.34995826},"slope":null,"std_dev":{"confidence_interval":{"confidence_level":0.95,"lower_bound":8436101.876581186,"upper_bound":31429163.5763731},"point_estimate":21971851.880198378,"standard_error":6939787.8048994}}