{"mean":{"confidence_interval":{"confidence_level":0.95,"lower_bound":128418218114.6,"upper_bound":132447516512.66249},"point_estimate":130306592934.5,"standard_error":1033857705.4495816},"median":{"confidence_interval":{"confidence_level":0.95,"lower_bound":127483207772.0,"upper_bound":133115719814.0},"point_estimate":129724523961.5,"standard_error":1377825490.1085746},"median_abs_dev":{"confidence_interval":{"confidence_level":0.95,"lower_bound":534132753.55104804,"upper_bound":5517119668.655446},"point_estimate":3505908232.683787,"standard_error":1352015058.2014844},"slope":null,"std_dev":{"confidence_interval":{"confidence_level":0.95,"lower_bound":1556129821.2079823,"upper_bound":4437108909.271167},"point_estimate":3448425635.193505,"standard_error":727980685.5872749}}