{"mean":{"confidence_interval":{"confidence_level":0.95,"lower_bound":2377534248.1,"upper_bound":2406400603.7925},"point_estimate":2391152840.1,"standard_error":7411466.608014933},"median":{"confidence_interval":{"confidence_level":0.95,"lower_bound":2372071681.0,"upper_bound":2408507704.0},"point_estimate":2388630936.0,"standard_error":8627882.053781413},"median_abs_dev":{"confidence_interval":{"confidence_level":0.95,"lower_bound":3776153.963559866,"upper_bound":40509918.232405186},"point_estimate":25674148.161792755,"standard_error":9304070.499375429},"slope":null,"std_dev":{"confidence_interval":{"confidence_level":0.95,"lower_bound":12135825.446214003,"upper_bound":32576524.93249378},"point_estimate":24825403.482727353,"standard_error":5404295.025120947}}