{"mean":{"confidence_interval":{"confidence_level":0.95,"lower_bound":2361982936.1,"upper_bound":2392837730.24},"point_estimate":2376660380.4,"standard_error":7915225.989154501},"median":{"confidence_interval":{"confidence_level":0.95,"lower_bound":2354707680.0,"upper_bound":2397051426.0},"point_estimate":2371908330.0,"standard_error":10610853.581344718},"median_abs_dev":{"confidence_interval":{"confidence_level":0.95,"lower_bound":7006146.26621604,"upper_bound":42746858.40099156},"point_estimate":28443333.566629887,"standard_error":9693833.123030556},"slope":null,"std_dev":{"confidence_interval":{"confidence_level":0.95,"lower_bound":13195664.679767346,"upper_bound":33521208.31940674},"point_estimate":26385933.597814478,"standard_error":5205636.143395431}}