{"mean":{"confidence_interval":{"confidence_level":0.95,"lower_bound":14105630601.525002,"upper_bound":14172533465.06},"point_estimate":14137524175.7,"standard_error":17216104.15772144},"median":{"confidence_interval":{"confidence_level":0.95,"lower_bound":14091318858.5,"upper_bound":14201003584.0},"point_estimate":14124733231.5,"standard_error":25983780.085817013},"median_abs_dev":{"confidence_interval":{"confidence_level":0.95,"lower_bound":7284115.970081091,"upper_bound":91320133.06494355},"point_estimate":53724269.528603554,"standard_error":21934136.49679458},"slope":null,"std_dev":{"confidence_interval":{"confidence_level":0.95,"lower_bound":24878156.811809327,"upper_bound":68657971.18443115},"point_estimate":57257973.128226355,"standard_error":9869843.426757894}}