{"mean":{"confidence_interval":{"confidence_level":0.95,"lower_bound":52768372359.6,"upper_bound":53559823989.7},"point_estimate":53181664632.7,"standard_error":202965595.61774477},"median":{"confidence_interval":{"confidence_level":0.95,"lower_bound":52694103015.0,"upper_bound":53734177922.0},"point_estimate":53261105485.5,"standard_error":290738643.17784125},"median_abs_dev":{"confidence_interval":{"confidence_level":0.95,"lower_bound":85796795.81900239,"upper_bound":1161347096.4393675},"point_estimate":662504667.837891,"standard_error":260381683.47677204},"slope":null,"std_dev":{"confidence_interval":{"confidence_level":0.95,"lower_bound":355534978.0979044,"upper_bound":858630005.6086855},"point_estimate":676380381.0404302,"standard_error":130575298.65114354}}