{"mean":{"confidence_interval":{"confidence_level":0.95,"lower_bound":127267422505.0525,"upper_bound":128465758095.7},"point_estimate":127879917975.7,"standard_error":307027875.6699891},"median":{"confidence_interval":{"confidence_level":0.95,"lower_bound":127204065245.5,"upper_bound":128753624553.0},"point_estimate":127849264029.0,"standard_error":416501188.3953324},"median_abs_dev":{"confidence_interval":{"confidence_level":0.95,"lower_bound":312164654.30206954,"upper_bound":1764995747.7381616},"point_estimate":1117448880.5508165,"standard_error":370938341.67019695},"slope":null,"std_dev":{"confidence_interval":{"confidence_level":0.95,"lower_bound":579628201.2248476,"upper_bound":1301363341.8512127},"point_estimate":1022971720.0541734,"standard_error":188546836.39268887}}