{"mean":{"confidence_interval":{"confidence_level":0.95,"lower_bound":9346385008.6,"upper_bound":9424133601.5275},"point_estimate":9386599344.8,"standard_error":19959870.77642421},"median":{"confidence_interval":{"confidence_level":0.95,"lower_bound":9345937788.0,"upper_bound":9428123100.0},"point_estimate":9400154244.0,"standard_error":19584285.35148526},"median_abs_dev":{"confidence_interval":{"confidence_level":0.95,"lower_bound":3758466.5458738804,"upper_bound":112265630.91008663},"point_estimate":47031564.91192281,"standard_error":32653847.197175585},"slope":null,"std_dev":{"confidence_interval":{"confidence_level":0.95,"lower_bound":30445209.47083161,"upper_bound":86065745.66478547},"point_estimate":66525385.1149341,"standard_error":13926151.70669918}}