{"mean":{"confidence_interval":{"confidence_level":0.95,"lower_bound":41245631686.1875,"upper_bound":42027432759.322495},"point_estimate":41649072052.8,"standard_error":198760379.15086013},"median":{"confidence_interval":{"confidence_level":0.95,"lower_bound":41255992800.0,"upper_bound":42118624332.0},"point_estimate":41650109631.0,"standard_error":225443826.2435518},"median_abs_dev":{"confidence_interval":{"confidence_level":0.95,"lower_bound":184308566.93936884,"upper_bound":1149603288.6138618},"point_estimate":546075953.2818139,"standard_error":234822655.38480118},"slope":null,"std_dev":{"confidence_interval":{"confidence_level":0.95,"lower_bound":326892345.29669726,"upper_bound":888163928.695431},"point_estimate":662376342.6388539,"standard_error":146647626.28517365}}