{"mean":{"confidence_interval":{"confidence_level":0.95,"lower_bound":879367128.515,"upper_bound":889843104.2625},"point_estimate":884634772.2,"standard_error":2670805.637965656},"median":{"confidence_interval":{"confidence_level":0.95,"lower_bound":878433041.0,"upper_bound":891600891.5},"point_estimate":884095492.0,"standard_error":3474185.689955308},"median_abs_dev":{"confidence_interval":{"confidence_level":0.95,"lower_bound":518358.46359729767,"upper_bound":15490667.837485671},"point_estimate":7802337.293180823,"standard_error":3696020.183929344},"slope":null,"std_dev":{"confidence_interval":{"confidence_level":0.95,"lower_bound":4998952.348246807,"upper_bound":11407321.619594952},"point_estimate":8925304.358478388,"standard_error":1668604.493354332}}