{"mean":{"confidence_interval":{"confidence_level":0.95,"lower_bound":168753210505.60498,"upper_bound":170635478313.33252},"point_estimate":169732207281.6,"standard_error":481118066.19776416},"median":{"confidence_interval":{"confidence_level":0.95,"lower_bound":168781694578.0,"upper_bound":170881881814.5},"point_estimate":169999203020.5,"standard_error":428323351.9012104},"median_abs_dev":{"confidence_interval":{"confidence_level":0.95,"lower_bound":83711670.18122077,"upper_bound":2811066567.924392},"point_estimate":930246809.2336178,"standard_error":834075993.840501},"slope":null,"std_dev":{"confidence_interval":{"confidence_level":0.95,"lower_bound":760646016.0051318,"upper_bound":2097429560.0591967},"point_estimate":1606264830.8833838,"standard_error":348164812.4658688}}