{"mean":{"confidence_interval":{"confidence_level":0.95,"lower_bound":180263424208.5,"upper_bound":183815721664.3125},"point_estimate":181997826800.1,"standard_error":910556502.3365152},"median":{"confidence_interval":{"confidence_level":0.95,"lower_bound":179570481878.0,"upper_bound":184889824234.0},"point_estimate":181413699255.5,"standard_error":1448901481.1128333},"median_abs_dev":{"confidence_interval":{"confidence_level":0.95,"lower_bound":664334493.4667051,"upper_bound":5055210689.04157},"point_estimate":3034156953.8406463,"standard_error":1115991691.0924299},"slope":null,"std_dev":{"confidence_interval":{"confidence_level":0.95,"lower_bound":1757889929.2845116,"upper_bound":3699399596.679809},"point_estimate":3032919864.5744457,"standard_error":489774572.06965333}}