{"mean":{"confidence_interval":{"confidence_level":0.95,"lower_bound":364271603.7,"upper_bound":372507440.22875},"point_estimate":368244700.55,"standard_error":2115554.0118405875},"median":{"confidence_interval":{"confidence_level":0.95,"lower_bound":362676213.25,"upper_bound":373843972.5},"point_estimate":366052194.25,"standard_error":2837190.6757013523},"median_abs_dev":{"confidence_interval":{"confidence_level":0.95,"lower_bound":585185.9161108732,"upper_bound":12086444.092422724},"point_estimate":7399259.502486885,"standard_error":2918250.680121886},"slope":null,"std_dev":{"confidence_interval":{"confidence_level":0.95,"lower_bound":3713468.9672049065,"upper_bound":8774199.575748757},"point_estimate":7039591.824939526,"standard_error":1269777.5509693446}}