{"mean":{"confidence_interval":{"confidence_level":0.95,"lower_bound":148546372650.2,"upper_bound":151489672329.265},"point_estimate":150035795647.7,"standard_error":753710763.8059955},"median":{"confidence_interval":{"confidence_level":0.95,"lower_bound":147708351176.0,"upper_bound":152515920806.0},"point_estimate":149984070128.0,"standard_error":1012280404.3888942},"median_abs_dev":{"confidence_interval":{"confidence_level":0.95,"lower_bound":634163729.4092622,"upper_bound":4676875210.9282675},"point_estimate":2665912438.1067934,"standard_error":1142451561.1473606},"slope":null,"std_dev":{"confidence_interval":{"confidence_level":0.95,"lower_bound":1442834884.509416,"upper_bound":3126998392.797579},"point_estimate":2520414605.854882,"standard_error":433056326.393454}}