{"mean":{"confidence_interval":{"confidence_level":0.95,"lower_bound":5083961587.8175,"upper_bound":5136730746.11},"point_estimate":5110333176.1,"standard_error":13514842.482426176},"median":{"confidence_interval":{"confidence_level":0.95,"lower_bound":5080361378.0,"upper_bound":5150875012.0},"point_estimate":5099226676.0,"standard_error":21716762.25344904},"median_abs_dev":{"confidence_interval":{"confidence_level":0.95,"lower_bound":6473361.3635748625,"upper_bound":78556661.91844046},"point_estimate":47596700.88728964,"standard_error":19442915.11279488},"slope":null,"std_dev":{"confidence_interval":{"confidence_level":0.95,"lower_bound":26814110.679680336,"upper_bound":56580712.89732687},"point_estimate":45054410.55489691,"standard_error":7678354.424868927}}