{"mean":{"confidence_interval":{"confidence_level":0.95,"lower_bound":4468699623.0,"upper_bound":4534502876.2275},"point_estimate":4502239060.3,"standard_error":16858818.720774073},"median":{"confidence_interval":{"confidence_level":0.95,"lower_bound":4447161466.5,"upper_bound":4546249492.0},"point_estimate":4524939845.0,"standard_error":29619287.02977655},"median_abs_dev":{"confidence_interval":{"confidence_level":0.95,"lower_bound":8922892.283686996,"upper_bound":86942473.46606255},"point_estimate":59543262.41349578,"standard_error":23661761.132430624},"slope":null,"std_dev":{"confidence_interval":{"confidence_level":0.95,"lower_bound":34425344.52306378,"upper_bound":67577984.82151845},"point_estimate":56226931.92681247,"standard_error":8323284.162708843}}