{"mean":{"confidence_interval":{"confidence_level":0.95,"lower_bound":961007770.9,"upper_bound":985569366.9},"point_estimate":974384927.0,"standard_error":6337955.93994819},"median":{"confidence_interval":{"confidence_level":0.95,"lower_bound":958528277.0,"upper_bound":988949205.0},"point_estimate":981955716.5,"standard_error":6064265.3321855925},"median_abs_dev":{"confidence_interval":{"confidence_level":0.95,"lower_bound":1065113.9057904482,"upper_bound":30258403.61920595},"point_estimate":10958333.031150699,"standard_error":7032213.982108521},"slope":null,"std_dev":{"confidence_interval":{"confidence_level":0.95,"lower_bound":6290028.200132018,"upper_bound":27391769.862216625},"point_estimate":21161167.195137136,"standard_error":5447724.3188543385}}