{"mean":{"confidence_interval":{"confidence_level":0.95,"lower_bound":1673079671.935,"upper_bound":1695198825.2775},"point_estimate":1683602502.6,"standard_error":5641647.733643271},"median":{"confidence_interval":{"confidence_level":0.95,"lower_bound":1668374166.0,"upper_bound":1691729181.0},"point_estimate":1684523111.0,"standard_error":5597509.780467811},"median_abs_dev":{"confidence_interval":{"confidence_level":0.95,"lower_bound":3422456.7595392466,"upper_bound":31438095.81616223},"point_estimate":13114631.621968746,"standard_error":7267567.485541525},"slope":null,"std_dev":{"confidence_interval":{"confidence_level":0.95,"lower_bound":7646966.738622415,"upper_bound":25709285.09961747},"point_estimate":18756880.570474602,"standard_error":4703593.487648444}}