{"mean":{"confidence_interval":{"confidence_level":0.95,"lower_bound":82830023992.53,"upper_bound":83351903329.3},"point_estimate":83093213045.9,"standard_error":133746751.65422249},"median":{"confidence_interval":{"confidence_level":0.95,"lower_bound":82714943031.0,"upper_bound":83499079025.0},"point_estimate":83064580591.5,"standard_error":208805265.58607337},"median_abs_dev":{"confidence_interval":{"confidence_level":0.95,"lower_bound":141221791.35981202,"upper_bound":733242818.0387378},"point_estimate":544146704.4987649,"standard_error":159288596.31343737},"slope":null,"std_dev":{"confidence_interval":{"confidence_level":0.95,"lower_bound":271023680.9016456,"upper_bound":552882582.6722475},"point_estimate":446803563.5944777,"standard_error":72587400.7971525}}