{"mean":{"confidence_interval":{"confidence_level":0.95,"lower_bound":24654641070.395,"upper_bound":24826140761.4},"point_estimate":24745447178.7,"standard_error":43757717.512130596},"median":{"confidence_interval":{"confidence_level":0.95,"lower_bound":24627421336.0,"upper_bound":24861878634.0},"point_estimate":24832473602.5,"standard_error":71827506.06009658},"median_abs_dev":{"confidence_interval":{"confidence_level":0.95,"lower_bound":3608472.6478368044,"upper_bound":265918176.48460865},"point_estimate":47204371.57575488,"standard_error":73865148.05750445},"slope":null,"std_dev":{"confidence_interval":{"confidence_level":0.95,"lower_bound":64835095.445862584,"upper_bound":186925975.4560749},"point_estimate":145798592.52793393,"standard_error":30673633.417279005}}