{"mean":{"confidence_interval":{"confidence_level":0.95,"lower_bound":3078776893.025,"upper_bound":3123026249.88},"point_estimate":3099996284.2,"standard_error":11299717.013165701},"median":{"confidence_interval":{"confidence_level":0.95,"lower_bound":3080309847.0,"upper_bound":3124232339.0},"point_estimate":3090507837.0,"standard_error":11463704.751141435},"median_abs_dev":{"confidence_interval":{"confidence_level":0.95,"lower_bound":4000142.20238328,"upper_bound":63163962.06331551},"point_estimate":19145633.337897062,"standard_error":15913644.022534283},"slope":null,"std_dev":{"confidence_interval":{"confidence_level":0.95,"lower_bound":15695158.083023094,"upper_bound":50314751.69590005},"point_estimate":37755026.28527684,"standard_error":8755634.865150953}}