{"mean":{"confidence_interval":{"confidence_level":0.95,"lower_bound":125665851620.55751,"upper_bound":126486245007.7725},"point_estimate":126077805518.6,"standard_error":209632492.13159817},"median":{"confidence_interval":{"confidence_level":0.95,"lower_bound":125655889293.0,"upper_bound":126612165457.0},"point_estimate":126015251470.0,"standard_error":229417327.20990098},"median_abs_dev":{"confidence_interval":{"confidence_level":0.95,"lower_bound":59608142.47094393,"upper_bound":1303067334.9451303},"point_estimate":582548004.5555055,"standard_error":325426358.566245},"slope":null,"std_dev":{"confidence_interval":{"confidence_level":0.95,"lower_bound":370084384.2312322,"upper_bound":920562616.0540098},"point_estimate":700400582.8881447,"standard_error":144825854.68031126}}