{"mean":{"confidence_interval":{"confidence_level":0.95,"lower_bound":151645050393.34,"upper_bound":153707592212.7},"point_estimate":152784513333.5,"standard_error":532906409.22947186},"median":{"confidence_interval":{"confidence_level":0.95,"lower_bound":151675584791.0,"upper_bound":153834707522.5},"point_estimate":153534291521.5,"standard_error":479352138.785065},"median_abs_dev":{"confidence_interval":{"confidence_level":0.95,"lower_bound":56134748.024109006,"upper_bound":2404840654.839644},"point_estimate":638640820.204559,"standard_error":571021232.6661834},"slope":null,"std_dev":{"confidence_interval":{"confidence_level":0.95,"lower_bound":424445205.82712185,"upper_bound":2347256086.6038756},"point_estimate":1784315855.935861,"standard_error":505217061.86405003}}