{"mean":{"confidence_interval":{"confidence_level":0.95,"lower_bound":2306619416.6,"upper_bound":2340936460.7574997},"point_estimate":2324379926.4,"standard_error":8805658.718543349},"median":{"confidence_interval":{"confidence_level":0.95,"lower_bound":2297560071.0,"upper_bound":2343932035.5},"point_estimate":2334570464.5,"standard_error":12627542.657885307},"median_abs_dev":{"confidence_interval":{"confidence_level":0.95,"lower_bound":1260956.4667135477,"upper_bound":46894216.10906124},"point_estimate":22799831.592822075,"standard_error":13489712.155394442},"slope":null,"std_dev":{"confidence_interval":{"confidence_level":0.95,"lower_bound":15306828.350494046,"upper_bound":36704140.58252682},"point_estimate":29472209.131340202,"standard_error":5350638.924250133}}