{"mean":{"confidence_interval":{"confidence_level":0.95,"lower_bound":410242482.30625,"upper_bound":420316469.95},"point_estimate":415032415.25,"standard_error":2576346.434275334},"median":{"confidence_interval":{"confidence_level":0.95,"lower_bound":409519774.5,"upper_bound":419682123.5},"point_estimate":414072812.75,"standard_error":2899684.3996119453},"median_abs_dev":{"confidence_interval":{"confidence_level":0.95,"lower_bound":1577575.3279924393,"upper_bound":14270031.4183563},"point_estimate":6833848.504824936,"standard_error":3094935.866027273},"slope":null,"std_dev":{"confidence_interval":{"confidence_level":0.95,"lower_bound":3970090.2449496854,"upper_bound":11510295.268547393},"point_estimate":8571558.852176229,"standard_error":1993571.7425877636}}