{"mean":{"confidence_interval":{"confidence_level":0.95,"lower_bound":213877649216.9,"upper_bound":216675734550.03},"point_estimate":215348330790.2,"standard_error":718158281.2544818},"median":{"confidence_interval":{"confidence_level":0.95,"lower_bound":213452227622.0,"upper_bound":216981548061.0},"point_estimate":215579733852.0,"standard_error":731357860.4303247},"median_abs_dev":{"confidence_interval":{"confidence_level":0.95,"lower_bound":94451925.35834312,"upper_bound":4573469625.630283},"point_estimate":1675027567.1959162,"standard_error":1046740926.8617549},"slope":null,"std_dev":{"confidence_interval":{"confidence_level":0.95,"lower_bound":1056748763.7919618,"upper_bound":3054830469.265768},"point_estimate":2405002340.854438,"standard_error":505281578.28431153}}