{"mean":{"confidence_interval":{"confidence_level":0.95,"lower_bound":7521355376.0,"upper_bound":7683070564.89},"point_estimate":7609928190.5,"standard_error":41644491.279159084},"median":{"confidence_interval":{"confidence_level":0.95,"lower_bound":7545623085.0,"upper_bound":7711490343.5},"point_estimate":7635808502.5,"standard_error":51215969.97874965},"median_abs_dev":{"confidence_interval":{"confidence_level":0.95,"lower_bound":20707573.166567087,"upper_bound":211409268.34803522},"point_estimate":111890992.72273779,"standard_error":45675540.011323236},"slope":null,"std_dev":{"confidence_interval":{"confidence_level":0.95,"lower_bound":63032531.17284917,"upper_bound":191988904.3528834},"point_estimate":138814009.01033035,"standard_error":37967543.13714299}}