{"mean":{"confidence_interval":{"confidence_level":0.95,"lower_bound":7570256652.4,"upper_bound":7660467444.9825},"point_estimate":7613364980.0,"standard_error":23236358.83621201},"median":{"confidence_interval":{"confidence_level":0.95,"lower_bound":7551268998.0,"upper_bound":7681886448.0},"point_estimate":7578416785.0,"standard_error":36808677.99607067},"median_abs_dev":{"confidence_interval":{"confidence_level":0.95,"lower_bound":10333406.764045358,"upper_bound":130177802.59778202},"point_estimate":62637316.60716534,"standard_error":31775765.671848796},"slope":null,"std_dev":{"confidence_interval":{"confidence_level":0.95,"lower_bound":39660902.01805827,"upper_bound":91794416.2928717},"point_estimate":77369435.0770739,"standard_error":13083929.334804095}}