{"mean":{"confidence_interval":{"confidence_level":0.95,"lower_bound":5073959287.3,"upper_bound":5146362456.4225},"point_estimate":5106654266.7,"standard_error":18593169.890621707},"median":{"confidence_interval":{"confidence_level":0.95,"lower_bound":5066019554.5,"upper_bound":5129079045.0},"point_estimate":5096205635.5,"standard_error":15650724.144832497},"median_abs_dev":{"confidence_interval":{"confidence_level":0.95,"lower_bound":9423669.335496426,"upper_bound":85439566.32054448},"point_estimate":39362833.59797001,"standard_error":20371455.135071296},"slope":null,"std_dev":{"confidence_interval":{"confidence_level":0.95,"lower_bound":23586790.217483815,"upper_bound":87206220.34205179},"point_estimate":61907470.333978355,"standard_error":18147528.605100177}}