{"mean":{"confidence_interval":{"confidence_level":0.95,"lower_bound":8292839588.3,"upper_bound":8383696953.6875},"point_estimate":8334968117.1,"standard_error":23323481.226604864},"median":{"confidence_interval":{"confidence_level":0.95,"lower_bound":8275751873.5,"upper_bound":8387368244.5},"point_estimate":8303118079.0,"standard_error":37876413.80094799},"median_abs_dev":{"confidence_interval":{"confidence_level":0.95,"lower_bound":2921254.9428373575,"upper_bound":152142240.2551353},"point_estimate":63696754.37895656,"standard_error":34756177.31931247},"slope":null,"std_dev":{"confidence_interval":{"confidence_level":0.95,"lower_bound":38937234.47558346,"upper_bound":102593107.4434524},"point_estimate":77780511.7437954,"standard_error":17373568.004928265}}