{"mean":{"confidence_interval":{"confidence_level":0.95,"lower_bound":95623631811.17001,"upper_bound":96535572220.5},"point_estimate":96074341422.5,"standard_error":232071811.47531343},"median":{"confidence_interval":{"confidence_level":0.95,"lower_bound":95499094008.0,"upper_bound":96494604967.0},"point_estimate":96179942188.0,"standard_error":268843815.0958403},"median_abs_dev":{"confidence_interval":{"confidence_level":0.95,"lower_bound":154267202.61290967,"upper_bound":1341107890.2588754},"point_estimate":691529929.3071896,"standard_error":294105823.9865983},"slope":null,"std_dev":{"confidence_interval":{"confidence_level":0.95,"lower_bound":378487598.20728356,"upper_bound":1033974041.7046857},"point_estimate":776318724.6129429,"standard_error":168081403.19500473}}