{"mean":{"confidence_interval":{"confidence_level":0.95,"lower_bound":48165917619.9,"upper_bound":48895207951.4},"point_estimate":48527239901.4,"standard_error":187002944.26438612},"median":{"confidence_interval":{"confidence_level":0.95,"lower_bound":47874817116.0,"upper_bound":49123855863.0},"point_estimate":48420258355.0,"standard_error":307979272.19114906},"median_abs_dev":{"confidence_interval":{"confidence_level":0.95,"lower_bound":140740652.82725394,"upper_bound":1042772733.5493833},"point_estimate":840353490.3531432,"standard_error":241178810.8445457},"slope":null,"std_dev":{"confidence_interval":{"confidence_level":0.95,"lower_bound":388126727.36141086,"upper_bound":738737294.5809273},"point_estimate":623058445.1823213,"standard_error":89007739.89648919}}