{"mean":{"confidence_interval":{"confidence_level":0.95,"lower_bound":39555136523.945,"upper_bound":39887264380.9},"point_estimate":39720206819.1,"standard_error":84851688.90069647},"median":{"confidence_interval":{"confidence_level":0.95,"lower_bound":39468944543.0,"upper_bound":40045216389.0},"point_estimate":39701182664.5,"standard_error":139156284.6507001},"median_abs_dev":{"confidence_interval":{"confidence_level":0.95,"lower_bound":43051192.43888855,"upper_bound":477134408.83347094},"point_estimate":365841829.0425092,"standard_error":111895446.83764228},"slope":null,"std_dev":{"confidence_interval":{"confidence_level":0.95,"lower_bound":172909576.9285995,"upper_bound":339567955.6310458},"point_estimate":282838810.17380285,"standard_error":42003818.44098476}}