{"mean":{"confidence_interval":{"confidence_level":0.95,"lower_bound":2671988243.2,"upper_bound":2688744396.5875},"point_estimate":2680720831.6,"standard_error":4291701.059290365},"median":{"confidence_interval":{"confidence_level":0.95,"lower_bound":2670156473.0,"upper_bound":2692697384.5},"point_estimate":2683119335.5,"standard_error":6060983.73411406},"median_abs_dev":{"confidence_interval":{"confidence_level":0.95,"lower_bound":3069976.0287970304,"upper_bound":24680297.64763713},"point_estimate":13820941.50812924,"standard_error":5152397.81127092},"slope":null,"std_dev":{"confidence_interval":{"confidence_level":0.95,"lower_bound":7644945.815988025,"upper_bound":18461967.999619644},"point_estimate":14351616.112680538,"standard_error":2871311.536789697}}