{"mean":{"confidence_interval":{"confidence_level":0.95,"lower_bound":2668437959.9575,"upper_bound":2702161538.1},"point_estimate":2685453603.9,"standard_error":8654694.547652766},"median":{"confidence_interval":{"confidence_level":0.95,"lower_bound":2662671816.5,"upper_bound":2713619893.5},"point_estimate":2680147927.5,"standard_error":14584243.040783094},"median_abs_dev":{"confidence_interval":{"confidence_level":0.95,"lower_bound":2707727.188128233,"upper_bound":49898144.53293085},"point_estimate":39753839.68902826,"standard_error":12339535.274227483},"slope":null,"std_dev":{"confidence_interval":{"confidence_level":0.95,"lower_bound":17981184.87986639,"upper_bound":34847652.02467837},"point_estimate":28787258.280216504,"standard_error":4376610.272446185}}