{"mean":{"confidence_interval":{"confidence_level":0.95,"lower_bound":3136437371.8,"upper_bound":3183814658.4},"point_estimate":3159977790.4,"standard_error":12112643.765628623},"median":{"confidence_interval":{"confidence_level":0.95,"lower_bound":3125134443.5,"upper_bound":3202193511.0},"point_estimate":3153437933.0,"standard_error":17560229.806444295},"median_abs_dev":{"confidence_interval":{"confidence_level":0.95,"lower_bound":7189516.454860568,"upper_bound":72285018.65948439},"point_estimate":50995440.49504995,"standard_error":18574895.582763385},"slope":null,"std_dev":{"confidence_interval":{"confidence_level":0.95,"lower_bound":24118535.40944545,"upper_bound":48922351.84262787},"point_estimate":40340542.17046768,"standard_error":6332518.897522561}}