{"mean":{"confidence_interval":{"confidence_level":0.95,"lower_bound":20220563850.375,"upper_bound":20332643177.9},"point_estimate":20276338963.1,"standard_error":28748718.78210312},"median":{"confidence_interval":{"confidence_level":0.95,"lower_bound":20169390124.0,"upper_bound":20337534201.0},"point_estimate":20290624918.5,"standard_error":36936867.62821794},"median_abs_dev":{"confidence_interval":{"confidence_level":0.95,"lower_bound":12081939.953702688,"upper_bound":188000680.46472073},"point_estimate":90785220.63134015,"standard_error":48410506.32232704},"slope":null,"std_dev":{"confidence_interval":{"confidence_level":0.95,"lower_bound":54412398.46610365,"upper_bound":121412037.43891034},"point_estimate":96323343.01107764,"standard_error":17120881.516902175}}