{"mean":{"confidence_interval":{"confidence_level":0.95,"lower_bound":3304363465.0350003,"upper_bound":3331268839.7575},"point_estimate":3317956166.5,"standard_error":6884904.426249707},"median":{"confidence_interval":{"confidence_level":0.95,"lower_bound":3298551226.0,"upper_bound":3335039718.0},"point_estimate":3320101523.5,"standard_error":8568947.217986805},"median_abs_dev":{"confidence_interval":{"confidence_level":0.95,"lower_bound":5222686.727678776,"upper_bound":39020230.68955243},"point_estimate":24041730.719473958,"standard_error":8929125.638258265},"slope":null,"std_dev":{"confidence_interval":{"confidence_level":0.95,"lower_bound":12502119.897574894,"upper_bound":29482515.502740834},"point_estimate":22946566.39978617,"standard_error":4343141.301230301}}