{"mean":{"confidence_interval":{"confidence_level":0.95,"lower_bound":3288769108.5,"upper_bound":3340082422.7475},"point_estimate":3316886801.4,"standard_error":13223108.308781091},"median":{"confidence_interval":{"confidence_level":0.95,"lower_bound":3294294486.5,"upper_bound":3349214767.0},"point_estimate":3328093569.0,"standard_error":17050174.58609444},"median_abs_dev":{"confidence_interval":{"confidence_level":0.95,"lower_bound":3786468.411576748,"upper_bound":65687570.34981251},"point_estimate":33079179.796627164,"standard_error":16890345.41144874},"slope":null,"std_dev":{"confidence_interval":{"confidence_level":0.95,"lower_bound":19255331.43543463,"upper_bound":60527526.504073665},"point_estimate":44045055.506548405,"standard_error":11903389.422217445}}