{"mean":{"confidence_interval":{"confidence_level":0.95,"lower_bound":13795479051.6875,"upper_bound":14079162652.255001},"point_estimate":13937404409.1,"standard_error":72829595.67982124},"median":{"confidence_interval":{"confidence_level":0.95,"lower_bound":13696801919.5,"upper_bound":14113448006.5},"point_estimate":13980724538.0,"standard_error":124885124.57355821},"median_abs_dev":{"confidence_interval":{"confidence_level":0.95,"lower_bound":10022867.303958535,"upper_bound":395636083.24225545},"point_estimate":264530727.5533408,"standard_error":105099987.52236027},"slope":null,"std_dev":{"confidence_interval":{"confidence_level":0.95,"lower_bound":148086701.90252092,"upper_bound":296668099.2403184},"point_estimate":242380650.34381077,"standard_error":37833836.55982427}}