{"mean":{"confidence_interval":{"confidence_level":0.95,"lower_bound":13479943411.9,"upper_bound":13635859802.535},"point_estimate":13550980512.9,"standard_error":39940912.53861241},"median":{"confidence_interval":{"confidence_level":0.95,"lower_bound":13444069861.0,"upper_bound":13591546414.0},"point_estimate":13546415666.5,"standard_error":34846067.36381695},"median_abs_dev":{"confidence_interval":{"confidence_level":0.95,"lower_bound":7994026.350277662,"upper_bound":201234407.8599751},"point_estimate":79938473.2633084,"standard_error":48993345.82519006},"slope":null,"std_dev":{"confidence_interval":{"confidence_level":0.95,"lower_bound":53259320.1479791,"upper_bound":187208198.00000566},"point_estimate":133178630.66607212,"standard_error":38353888.99150584}}