{"mean":{"confidence_interval":{"confidence_level":0.95,"lower_bound":22442059.636428572,"upper_bound":23481145.51106647},"point_estimate":22868440.26906746,"standard_error":278099.8271222319},"median":{"confidence_interval":{"confidence_level":0.95,"lower_bound":22382727.525,"upper_bound":23130353.35714286},"point_estimate":22489604.46875,"standard_error":165049.98157533378},"median_abs_dev":{"confidence_interval":{"confidence_level":0.95,"lower_bound":31662.806575376497,"upper_bound":908748.7505789855},"point_estimate":182455.44196368678,"standard_error":202371.3572820431},"slope":{"confidence_interval":{"confidence_level":0.95,"lower_bound":22380188.774743978,"upper_bound":22611621.066469856},"point_estimate":22448827.39090909,"standard_error":61235.74682053974},"std_dev":{"confidence_interval":{"confidence_level":0.95,"lower_bound":95138.54030994236,"upper_bound":1350318.5573171887},"point_estimate":927589.8128867707,"standard_error":365126.9417969493}}