{"mean":{"confidence_interval":{"confidence_level":0.95,"lower_bound":1924459972.6,"upper_bound":1975029411.105},"point_estimate":1949384377.8,"standard_error":12888208.70569266},"median":{"confidence_interval":{"confidence_level":0.95,"lower_bound":1921776889.5,"upper_bound":1971605218.5},"point_estimate":1950259479.0,"standard_error":14245187.953649849},"median_abs_dev":{"confidence_interval":{"confidence_level":0.95,"lower_bound":4680337.572607398,"upper_bound":73875479.26384807},"point_estimate":31839142.074242234,"standard_error":16094903.678076066},"slope":null,"std_dev":{"confidence_interval":{"confidence_level":0.95,"lower_bound":18875000.77128122,"upper_bound":58720106.486962},"point_estimate":43031891.50101704,"standard_error":10277160.124096112}}