{"mean":{"confidence_interval":{"confidence_level":0.95,"lower_bound":12835936748.904167,"upper_bound":13060343385.70625},"point_estimate":12946160246.333334,"standard_error":57596574.10651357},"median":{"confidence_interval":{"confidence_level":0.95,"lower_bound":12774869563.5,"upper_bound":13162408101.5},"point_estimate":12918363172.0,"standard_error":94194544.61869155},"median_abs_dev":{"confidence_interval":{"confidence_level":0.95,"lower_bound":61142775.77329874,"upper_bound":357844190.33739567},"point_estimate":300580696.6992259,"standard_error":79679755.72878316},"slope":null,"std_dev":{"confidence_interval":{"confidence_level":0.95,"lower_bound":139250029.9709604,"upper_bound":244695431.28375173},"point_estimate":208083003.12096205,"standard_error":27136208.174777262}}