{"mean":{"confidence_interval":{"confidence_level":0.95,"lower_bound":4050032186.9,"upper_bound":4172672925.94},"point_estimate":4097500296.3,"standard_error":34065212.750692114},"median":{"confidence_interval":{"confidence_level":0.95,"lower_bound":4041563941.0,"upper_bound":4103554818.0},"point_estimate":4061652308.5,"standard_error":15963116.960134663},"median_abs_dev":{"confidence_interval":{"confidence_level":0.95,"lower_bound":3423545.7292199135,"upper_bound":61025098.84818792},"point_estimate":26383734.593895078,"standard_error":17887832.30869184},"slope":null,"std_dev":{"confidence_interval":{"confidence_level":0.95,"lower_bound":13658539.149666293,"upper_bound":172963931.8485199},"point_estimate":113853466.53123593,"standard_error":52174199.32800917}}