{"mean":{"confidence_interval":{"confidence_level":0.95,"lower_bound":4101080051.0,"upper_bound":4137194603.3925},"point_estimate":4119855326.6,"standard_error":9257015.251493214},"median":{"confidence_interval":{"confidence_level":0.95,"lower_bound":4084869810.0,"upper_bound":4141509780.0},"point_estimate":4131899710.0,"standard_error":14091536.597719165},"median_abs_dev":{"confidence_interval":{"confidence_level":0.95,"lower_bound":3966885.2610737085,"upper_bound":49602987.78887093},"point_estimate":19726215.039789677,"standard_error":13142938.532789549},"slope":null,"std_dev":{"confidence_interval":{"confidence_level":0.95,"lower_bound":15643393.318157641,"upper_bound":37266094.04108036},"point_estimate":30909117.176706742,"standard_error":5184521.027071013}}