{"mean":{"confidence_interval":{"confidence_level":0.95,"lower_bound":3581556420.7,"upper_bound":3701630506.9925003},"point_estimate":3637818680.2,"standard_error":30795162.73063654},"median":{"confidence_interval":{"confidence_level":0.95,"lower_bound":3555920018.5,"upper_bound":3692610213.0},"point_estimate":3628876757.5,"standard_error":36681234.369280376},"median_abs_dev":{"confidence_interval":{"confidence_level":0.95,"lower_bound":28250918.035545945,"upper_bound":168724433.7756425},"point_estimate":92230811.20317578,"standard_error":34796291.843947835},"slope":null,"std_dev":{"confidence_interval":{"confidence_level":0.95,"lower_bound":49517179.94427145,"upper_bound":137624783.59197927},"point_estimate":103037583.97359167,"standard_error":24151856.327039335}}