{"mean":{"confidence_interval":{"confidence_level":0.95,"lower_bound":21331480203.2,"upper_bound":21385996079.7325},"point_estimate":21355883239.1,"standard_error":14038182.124191498},"median":{"confidence_interval":{"confidence_level":0.95,"lower_bound":21328702092.0,"upper_bound":21373961084.0},"point_estimate":21344543349.5,"standard_error":11496654.09559029},"median_abs_dev":{"confidence_interval":{"confidence_level":0.95,"lower_bound":5524008.8637292385,"upper_bound":69589723.07213545},"point_estimate":26854784.774932265,"standard_error":16018237.546299623},"slope":null,"std_dev":{"confidence_interval":{"confidence_level":0.95,"lower_bound":16118133.19356264,"upper_bound":65567216.616821},"point_estimate":46859513.85170294,"standard_error":13826143.688624324}}