{"mean":{"confidence_interval":{"confidence_level":0.95,"lower_bound":21676682740.34,"upper_bound":21821080813.59},"point_estimate":21748250299.7,"standard_error":36813529.459486395},"median":{"confidence_interval":{"confidence_level":0.95,"lower_bound":21643542964.5,"upper_bound":21846578718.0},"point_estimate":21752802863.5,"standard_error":65951335.898032956},"median_abs_dev":{"confidence_interval":{"confidence_level":0.95,"lower_bound":20462165.064623952,"upper_bound":197095929.44314778},"point_estimate":143090186.82694137,"standard_error":48382369.447210066},"slope":null,"std_dev":{"confidence_interval":{"confidence_level":0.95,"lower_bound":77905905.18560292,"upper_bound":149332321.2024665},"point_estimate":122503235.27966596,"standard_error":18495094.36958496}}