{"mean":{"confidence_interval":{"confidence_level":0.95,"lower_bound":731544867.9,"upper_bound":830771878.8},"point_estimate":767273553.8,"standard_error":29107081.18549005},"median":{"confidence_interval":{"confidence_level":0.95,"lower_bound":727145261.0,"upper_bound":751282651.0},"point_estimate":738713980.5,"standard_error":8580436.151608275},"median_abs_dev":{"confidence_interval":{"confidence_level":0.95,"lower_bound":2142501.5154629946,"upper_bound":28691250.969028473},"point_estimate":17893046.889334917,"standard_error":9997580.936857149},"slope":null,"std_dev":{"confidence_interval":{"confidence_level":0.95,"lower_bound":8098535.134400147,"upper_bound":149439938.29015812},"point_estimate":97220174.9808282,"standard_error":50789281.11546234}}