{"mean":{"confidence_interval":{"confidence_level":0.95,"lower_bound":60883610186.409996,"upper_bound":61374289557.7},"point_estimate":61139618299.5,"standard_error":126036848.6250446},"median":{"confidence_interval":{"confidence_level":0.95,"lower_bound":60802855429.0,"upper_bound":61506864973.0},"point_estimate":61166984644.0,"standard_error":149491750.12495697},"median_abs_dev":{"confidence_interval":{"confidence_level":0.95,"lower_bound":72959571.25420868,"upper_bound":728116030.3251565},"point_estimate":367063636.7156178,"standard_error":176812967.907301},"slope":null,"std_dev":{"confidence_interval":{"confidence_level":0.95,"lower_bound":203764719.3417523,"upper_bound":533783145.2049951},"point_estimate":420631654.9518901,"standard_error":84412872.44171627}}