{"mean":{"confidence_interval":{"confidence_level":0.95,"lower_bound":781789535.9975,"upper_bound":798929507.9},"point_estimate":789813555.8,"standard_error":4407918.265989618},"median":{"confidence_interval":{"confidence_level":0.95,"lower_bound":778365943.5,"upper_bound":799018190.0},"point_estimate":786640407.5,"standard_error":5673134.140373303},"median_abs_dev":{"confidence_interval":{"confidence_level":0.95,"lower_bound":2376984.3382000923,"upper_bound":23103992.907822132},"point_estimate":12734914.04711008,"standard_error":5412252.6052439455},"slope":null,"std_dev":{"confidence_interval":{"confidence_level":0.95,"lower_bound":6859181.348603492,"upper_bound":19287443.26517113},"point_estimate":14684850.99870862,"standard_error":3361841.5581516474}}