{"mean":{"confidence_interval":{"confidence_level":0.95,"lower_bound":787406789.8,"upper_bound":810069928.0925},"point_estimate":797959661.9,"standard_error":5818232.647434862},"median":{"confidence_interval":{"confidence_level":0.95,"lower_bound":784396372.0,"upper_bound":810639092.5},"point_estimate":792166768.0,"standard_error":6409633.028180867},"median_abs_dev":{"confidence_interval":{"confidence_level":0.95,"lower_bound":1950025.1977801323,"upper_bound":32100143.421408534},"point_estimate":15914890.09835422,"standard_error":7695890.879012743},"slope":null,"std_dev":{"confidence_interval":{"confidence_level":0.95,"lower_bound":7498992.049849189,"upper_bound":24610899.084256683},"point_estimate":19394798.363348063,"standard_error":4266956.968996283}}