{"mean":{"confidence_interval":{"confidence_level":0.95,"lower_bound":204420468.06666666,"upper_bound":206569954.5366667},"point_estimate":205403149.46666664,"standard_error":551441.1485068445},"median":{"confidence_interval":{"confidence_level":0.95,"lower_bound":204020779.83333334,"upper_bound":206509762.66666666},"point_estimate":205109085.33333334,"standard_error":562260.7823420776},"median_abs_dev":{"confidence_interval":{"confidence_level":0.95,"lower_bound":307314.5580440907,"upper_bound":2766091.712892026},"point_estimate":1679531.5042823553,"standard_error":653430.5914414016},"slope":null,"std_dev":{"confidence_interval":{"confidence_level":0.95,"lower_bound":793133.8982734787,"upper_bound":2540431.947716405},"point_estimate":1840902.8159007428,"standard_error":499953.25016301475}}