{"mean":{"confidence_interval":{"confidence_level":0.95,"lower_bound":152866966367.59,"upper_bound":154798118653.91498},"point_estimate":153849432741.1,"standard_error":492146870.4887313},"median":{"confidence_interval":{"confidence_level":0.95,"lower_bound":152942313805.0,"upper_bound":155078397696.0},"point_estimate":153887751941.5,"standard_error":490091550.5325818},"median_abs_dev":{"confidence_interval":{"confidence_level":0.95,"lower_bound":342807854.142344,"upper_bound":2704931949.735358},"point_estimate":1416996497.8818834,"standard_error":606527503.4335319},"slope":null,"std_dev":{"confidence_interval":{"confidence_level":0.95,"lower_bound":721511268.7373848,"upper_bound":2232079509.8538985},"point_estimate":1640628277.7098942,"standard_error":387086283.83896995}}