{"mean":{"confidence_interval":{"confidence_level":0.95,"lower_bound":19739355676.1,"upper_bound":19865467075.9},"point_estimate":19801890614.1,"standard_error":32288079.423942514},"median":{"confidence_interval":{"confidence_level":0.95,"lower_bound":19715062775.0,"upper_bound":19898329948.0},"point_estimate":19804516921.5,"standard_error":45269050.95577194},"median_abs_dev":{"confidence_interval":{"confidence_level":0.95,"lower_bound":19065713.786315918,"upper_bound":181868739.63608444},"point_estimate":127189378.46313715,"standard_error":41115165.695507295},"slope":null,"std_dev":{"confidence_interval":{"confidence_level":0.95,"lower_bound":62903906.70028832,"upper_bound":133465044.61282256},"point_estimate":107728382.13292463,"standard_error":17939762.091874868}}