{"mean":{"confidence_interval":{"confidence_level":0.95,"lower_bound":54474320259.14,"upper_bound":55006602260.5975},"point_estimate":54737121019.2,"standard_error":135962814.09026492},"median":{"confidence_interval":{"confidence_level":0.95,"lower_bound":54414283623.5,"upper_bound":55112960878.0},"point_estimate":54695018913.5,"standard_error":200146586.10306463},"median_abs_dev":{"confidence_interval":{"confidence_level":0.95,"lower_bound":53109666.60511494,"upper_bound":757124751.9091487},"point_estimate":421602275.4294634,"standard_error":190982429.88233525},"slope":null,"std_dev":{"confidence_interval":{"confidence_level":0.95,"lower_bound":256149785.72502223,"upper_bound":567658285.4096792},"point_estimate":452004273.08518165,"standard_error":78922350.60937667}}