{"mean":{"confidence_interval":{"confidence_level":0.95,"lower_bound":33465940126.4,"upper_bound":34004654796.4375},"point_estimate":33731003001.5,"standard_error":138248821.99600828},"median":{"confidence_interval":{"confidence_level":0.95,"lower_bound":33338853136.0,"upper_bound":34244295598.0},"point_estimate":33563171803.5,"standard_error":241366949.21389973},"median_abs_dev":{"confidence_interval":{"confidence_level":0.95,"lower_bound":54842739.983546734,"upper_bound":717740757.9030544},"point_estimate":580594546.3974863,"standard_error":189572266.2459816},"slope":null,"std_dev":{"confidence_interval":{"confidence_level":0.95,"lower_bound":286667498.985765,"upper_bound":541929669.709527},"point_estimate":460007300.96132624,"standard_error":65323269.08549889}}