{"mean":{"confidence_interval":{"confidence_level":0.95,"lower_bound":11163297739.1,"upper_bound":11307389522.1},"point_estimate":11244581257.4,"standard_error":37358974.68776739},"median":{"confidence_interval":{"confidence_level":0.95,"lower_bound":11199873562.0,"upper_bound":11331429663.0},"point_estimate":11272984581.5,"standard_error":31278780.27863053},"median_abs_dev":{"confidence_interval":{"confidence_level":0.95,"lower_bound":13891176.716682315,"upper_bound":154694267.75922775},"point_estimate":82771110.24051905,"standard_error":35092133.39321559},"slope":null,"std_dev":{"confidence_interval":{"confidence_level":0.95,"lower_bound":44400438.693906695,"upper_bound":178967716.10233328},"point_estimate":124741794.09320636,"standard_error":40426210.738834105}}