{"mean":{"confidence_interval":{"confidence_level":0.95,"lower_bound":23080118346.3275,"upper_bound":23356856108.9},"point_estimate":23222532717.0,"standard_error":70940611.3233123},"median":{"confidence_interval":{"confidence_level":0.95,"lower_bound":23042224491.0,"upper_bound":23464200983.0},"point_estimate":23215354358.5,"standard_error":97810191.59553778},"median_abs_dev":{"confidence_interval":{"confidence_level":0.95,"lower_bound":35649936.9861871,"upper_bound":406593563.0371213},"point_estimate":270211425.73658824,"standard_error":103987656.3920588},"slope":null,"std_dev":{"confidence_interval":{"confidence_level":0.95,"lower_bound":132462519.30745006,"upper_bound":299407254.4383486},"point_estimate":236395055.90003535,"standard_error":44090286.347173154}}