{"mean":{"confidence_interval":{"confidence_level":0.95,"lower_bound":23273817771.5275,"upper_bound":23749582527.2},"point_estimate":23539022876.8,"standard_error":122722349.74230318},"median":{"confidence_interval":{"confidence_level":0.95,"lower_bound":23303531473.0,"upper_bound":23803958403.0},"point_estimate":23643272164.5,"standard_error":115440074.73481739},"median_abs_dev":{"confidence_interval":{"confidence_level":0.95,"lower_bound":40654412.4258399,"upper_bound":554436432.3849857},"point_estimate":296130672.8782296,"standard_error":139725443.83775297},"slope":null,"std_dev":{"confidence_interval":{"confidence_level":0.95,"lower_bound":143926351.68217185,"upper_bound":576599678.1156543},"point_estimate":410062517.03772604,"standard_error":123609730.65102708}}