{"mean":{"confidence_interval":{"confidence_level":0.95,"lower_bound":10968875298.68,"upper_bound":11023946728.0825},"point_estimate":10994985768.0,"standard_error":14144387.519235894},"median":{"confidence_interval":{"confidence_level":0.95,"lower_bound":10950145598.0,"upper_bound":11028913309.0},"point_estimate":10986337307.0,"standard_error":23041186.083647344},"median_abs_dev":{"confidence_interval":{"confidence_level":0.95,"lower_bound":4667647.999432683,"upper_bound":87387876.15015507},"point_estimate":55722232.37263262,"standard_error":20194590.449563406},"slope":null,"std_dev":{"confidence_interval":{"confidence_level":0.95,"lower_bound":26200351.731949102,"upper_bound":60483923.86133228},"point_estimate":47117981.447050735,"standard_error":9316867.130243056}}