{"mean":{"confidence_interval":{"confidence_level":0.95,"lower_bound":6775053543.645,"upper_bound":6819418532.805},"point_estimate":6797302967.6,"standard_error":11389615.12934164},"median":{"confidence_interval":{"confidence_level":0.95,"lower_bound":6757997287.0,"upper_bound":6835900181.0},"point_estimate":6797215565.5,"standard_error":22017574.654259693},"median_abs_dev":{"confidence_interval":{"confidence_level":0.95,"lower_bound":8422183.431476355,"upper_bound":59760710.16253531},"point_estimate":57749414.29694295,"standard_error":14313024.626476994},"slope":null,"std_dev":{"confidence_interval":{"confidence_level":0.95,"lower_bound":25479553.592981745,"upper_bound":43725872.02263339},"point_estimate":38021388.12670142,"standard_error":4698625.500927606}}