{"mean":{"confidence_interval":{"confidence_level":0.95,"lower_bound":1064655566.0,"upper_bound":1095959300.7424998},"point_estimate":1078221214.5,"standard_error":8135003.445356463},"median":{"confidence_interval":{"confidence_level":0.95,"lower_bound":1060099103.0,"upper_bound":1088429604.5},"point_estimate":1066450482.5,"standard_error":8098299.024559104},"median_abs_dev":{"confidence_interval":{"confidence_level":0.95,"lower_bound":886367.9464638233,"upper_bound":35474883.44209492},"point_estimate":10196590.214574337,"standard_error":9599334.787687726},"slope":null,"std_dev":{"confidence_interval":{"confidence_level":0.95,"lower_bound":6249740.91771067,"upper_bound":38329249.21036351},"point_estimate":27143183.244166143,"standard_error":8678476.104702514}}