{"mean":{"confidence_interval":{"confidence_level":0.95,"lower_bound":2047922447.2,"upper_bound":2064654059.4},"point_estimate":2056357010.1,"standard_error":4275223.899193167},"median":{"confidence_interval":{"confidence_level":0.95,"lower_bound":2047293410.0,"upper_bound":2067875944.0},"point_estimate":2054279897.5,"standard_error":4856489.6718257},"median_abs_dev":{"confidence_interval":{"confidence_level":0.95,"lower_bound":1986024.949041009,"upper_bound":24858154.788279533},"point_estimate":11608228.505712748,"standard_error":5665155.089711896},"slope":null,"std_dev":{"confidence_interval":{"confidence_level":0.95,"lower_bound":7014549.939080719,"upper_bound":18862782.88629053},"point_estimate":14239071.489702828,"standard_error":2993681.6903852797}}