{"mean":{"confidence_interval":{"confidence_level":0.95,"lower_bound":24983984566.4,"upper_bound":25258254876.199997},"point_estimate":25125948283.9,"standard_error":70414195.11944823},"median":{"confidence_interval":{"confidence_level":0.95,"lower_bound":24883427327.5,"upper_bound":25306982522.5},"point_estimate":25226670157.5,"standard_error":118458069.45034675},"median_abs_dev":{"confidence_interval":{"confidence_level":0.95,"lower_bound":26047013.15957308,"upper_bound":401332313.14282715},"point_estimate":244247027.49534845,"standard_error":95017344.37065074},"slope":null,"std_dev":{"confidence_interval":{"confidence_level":0.95,"lower_bound":135980629.3745697,"upper_bound":277726284.20283234},"point_estimate":233922132.06101683,"standard_error":35461821.96837585}}