{"mean":{"confidence_interval":{"confidence_level":0.95,"lower_bound":13148356471.03,"upper_bound":13237999858.6975},"point_estimate":13189034576.5,"standard_error":23044298.403757967},"median":{"confidence_interval":{"confidence_level":0.95,"lower_bound":13136695426.0,"upper_bound":13237472288.0},"point_estimate":13161502126.0,"standard_error":24560432.47220527},"median_abs_dev":{"confidence_interval":{"confidence_level":0.95,"lower_bound":9766596.192008257,"upper_bound":115753501.46306455},"point_estimate":43779375.12246072,"standard_error":27634837.491864692},"slope":null,"std_dev":{"confidence_interval":{"confidence_level":0.95,"lower_bound":23411530.395171124,"upper_bound":97594062.94834693},"point_estimate":76792415.68952549,"standard_error":18568245.73067353}}