{"mean":{"confidence_interval":{"confidence_level":0.95,"lower_bound":12910223391.349998,"upper_bound":13000370835.297499},"point_estimate":12952638141.4,"standard_error":22963292.385919582},"median":{"confidence_interval":{"confidence_level":0.95,"lower_bound":12910765473.0,"upper_bound":12989672572.0},"point_estimate":12945276954.0,"standard_error":17947758.372978725},"median_abs_dev":{"confidence_interval":{"confidence_level":0.95,"lower_bound":2437478.8649261,"upper_bound":120157302.26468146},"point_estimate":58493831.4502269,"standard_error":28711425.22597118},"slope":null,"std_dev":{"confidence_interval":{"confidence_level":0.95,"lower_bound":28885622.58889005,"upper_bound":107441319.08842827},"point_estimate":76689018.72675307,"standard_error":20960891.581258398}}