{"mean":{"confidence_interval":{"confidence_level":0.95,"lower_bound":6118723670.122499,"upper_bound":6178442485.7},"point_estimate":6147333253.1,"standard_error":15311673.93092161},"median":{"confidence_interval":{"confidence_level":0.95,"lower_bound":6115963877.0,"upper_bound":6181861932.5},"point_estimate":6141416241.5,"standard_error":14009091.29118514},"median_abs_dev":{"confidence_interval":{"confidence_level":0.95,"lower_bound":5892515.0175869465,"upper_bound":88459882.66322315},"point_estimate":31994558.58168304,"standard_error":20933726.247361235},"slope":null,"std_dev":{"confidence_interval":{"confidence_level":0.95,"lower_bound":18413877.70536483,"upper_bound":67062260.98500277},"point_estimate":50988151.34800931,"standard_error":11803614.733300952}}