{"mean":{"confidence_interval":{"confidence_level":0.95,"lower_bound":4426693294.8,"upper_bound":4486699992.15},"point_estimate":4454998709.8,"standard_error":15366856.202142006},"median":{"confidence_interval":{"confidence_level":0.95,"lower_bound":4418927270.0,"upper_bound":4480717580.0},"point_estimate":4448716033.5,"standard_error":16587842.257274866},"median_abs_dev":{"confidence_interval":{"confidence_level":0.95,"lower_bound":13073635.508796573,"upper_bound":82470619.84305382},"point_estimate":43817896.77627683,"standard_error":17281113.229840763},"slope":null,"std_dev":{"confidence_interval":{"confidence_level":0.95,"lower_bound":22530668.873075552,"upper_bound":70377252.29065838},"point_estimate":51196729.911655694,"standard_error":12837033.585330112}}