{"mean":{"confidence_interval":{"confidence_level":0.95,"lower_bound":9137522602.4,"upper_bound":9192859435.0975},"point_estimate":9163647383.5,"standard_error":14182865.78108022},"median":{"confidence_interval":{"confidence_level":0.95,"lower_bound":9123256204.0,"upper_bound":9186581603.0},"point_estimate":9170360955.0,"standard_error":18514444.061786916},"median_abs_dev":{"confidence_interval":{"confidence_level":0.95,"lower_bound":6122510.751503706,"upper_bound":82212737.88623214},"point_estimate":47829544.69575584,"standard_error":19565643.42256382},"slope":null,"std_dev":{"confidence_interval":{"confidence_level":0.95,"lower_bound":24713251.675637383,"upper_bound":63463101.37788774},"point_estimate":47315930.0064995,"standard_error":10930423.15630887}}