{"mean":{"confidence_interval":{"confidence_level":0.95,"lower_bound":40435692924.612495,"upper_bound":41083802717.880005},"point_estimate":40739405143.6,"standard_error":166728201.46534747},"median":{"confidence_interval":{"confidence_level":0.95,"lower_bound":40298400922.0,"upper_bound":41301340737.0},"point_estimate":40529543333.5,"standard_error":244225469.8953733},"median_abs_dev":{"confidence_interval":{"confidence_level":0.95,"lower_bound":75711819.43694651,"upper_bound":869565798.8590211},"point_estimate":393066440.9678757,"standard_error":209281233.2357868},"slope":null,"std_dev":{"confidence_interval":{"confidence_level":0.95,"lower_bound":207088100.346765,"upper_bound":683692655.8085525},"point_estimate":557503671.4680724,"standard_error":108198986.82226036}}