{"mean":{"confidence_interval":{"confidence_level":0.95,"lower_bound":4470026739.945001,"upper_bound":4519524318.655},"point_estimate":4494179331.2,"standard_error":12663720.399368854},"median":{"confidence_interval":{"confidence_level":0.95,"lower_bound":4467131462.0,"upper_bound":4526611650.0},"point_estimate":4487857660.0,"standard_error":14674494.193903156},"median_abs_dev":{"confidence_interval":{"confidence_level":0.95,"lower_bound":7595275.898256898,"upper_bound":74055025.08586049},"point_estimate":36798104.65990305,"standard_error":18671069.638343602},"slope":null,"std_dev":{"confidence_interval":{"confidence_level":0.95,"lower_bound":21512564.154011343,"upper_bound":53588497.111281805},"point_estimate":42128327.55946189,"standard_error":7995812.416518256}}