{"mean":{"confidence_interval":{"confidence_level":0.95,"lower_bound":18492628293.715,"upper_bound":18856874164.5},"point_estimate":18689886572.7,"standard_error":93056230.04810761},"median":{"confidence_interval":{"confidence_level":0.95,"lower_bound":18580599764.0,"upper_bound":18939291024.0},"point_estimate":18652141641.0,"standard_error":94084811.7380671},"median_abs_dev":{"confidence_interval":{"confidence_level":0.95,"lower_bound":7756496.784594655,"upper_bound":483278250.49209595},"point_estimate":223871461.09518707,"standard_error":124400883.04997322},"slope":null,"std_dev":{"confidence_interval":{"confidence_level":0.95,"lower_bound":130958045.00813575,"upper_bound":432584157.0973459},"point_estimate":309678190.83010966,"standard_error":85978246.93071255}}