{"mean":{"confidence_interval":{"confidence_level":0.95,"lower_bound":13527239104.1275,"upper_bound":13655844656.7},"point_estimate":13588064678.1,"standard_error":33133303.91270526},"median":{"confidence_interval":{"confidence_level":0.95,"lower_bound":13495040204.0,"upper_bound":13682988879.5},"point_estimate":13559463584.0,"standard_error":46223477.332936615},"median_abs_dev":{"confidence_interval":{"confidence_level":0.95,"lower_bound":21943930.33451736,"upper_bound":190529761.02772057},"point_estimate":105973001.44850314,"standard_error":43247316.42392662},"slope":null,"std_dev":{"confidence_interval":{"confidence_level":0.95,"lower_bound":52444695.73259957,"upper_bound":135808952.73520973},"point_estimate":110000735.33195615,"standard_error":21202163.48271261}}