{"mean":{"confidence_interval":{"confidence_level":0.95,"lower_bound":3993788077.1214285,"upper_bound":4098276807.480357},"point_estimate":4041587955.142857,"standard_error":26770904.422605637},"median":{"confidence_interval":{"confidence_level":0.95,"lower_bound":3973791334.0,"upper_bound":4077650158.0},"point_estimate":4022295981.5,"standard_error":27604343.690144267},"median_abs_dev":{"confidence_interval":{"confidence_level":0.95,"lower_bound":32943257.25494027,"upper_bound":130397850.08587539},"point_estimate":79961065.12170732,"standard_error":26185894.06046546},"slope":null,"std_dev":{"confidence_interval":{"confidence_level":0.95,"lower_bound":49972533.0627914,"upper_bound":146183715.52642074},"point_estimate":104064001.12158218,"standard_error":27012753.75906461}}