{"mean":{"confidence_interval":{"confidence_level":0.95,"lower_bound":1399085645.3075,"upper_bound":1438259613.0},"point_estimate":1418564162.3,"standard_error":9974209.100163868},"median":{"confidence_interval":{"confidence_level":0.95,"lower_bound":1393182360.0,"upper_bound":1443100981.5},"point_estimate":1418705061.0,"standard_error":9967835.20991334},"median_abs_dev":{"confidence_interval":{"confidence_level":0.95,"lower_bound":5313774.704861641,"upper_bound":57322322.463825345},"point_estimate":26737395.474216342,"standard_error":15252704.336912964},"slope":null,"std_dev":{"confidence_interval":{"confidence_level":0.95,"lower_bound":15560946.238621173,"upper_bound":43526631.8448182},"point_estimate":33201291.33034269,"standard_error":6974843.374726074}}