{"mean":{"confidence_interval":{"confidence_level":0.95,"lower_bound":144848325950.6,"upper_bound":145428735053.6},"point_estimate":145120908969.2,"standard_error":148997544.1321983},"median":{"confidence_interval":{"confidence_level":0.95,"lower_bound":144731514612.0,"upper_bound":145355981681.0},"point_estimate":145124035524.5,"standard_error":162360648.67938378},"median_abs_dev":{"confidence_interval":{"confidence_level":0.95,"lower_bound":94752386.10380888,"upper_bound":840387660.5760366},"point_estimate":366978281.9525331,"standard_error":186045585.49367586},"slope":null,"std_dev":{"confidence_interval":{"confidence_level":0.95,"lower_bound":231501664.2372471,"upper_bound":677198800.3110925},"point_estimate":496042575.3618943,"standard_error":125498191.81204824}}