{"mean":{"confidence_interval":{"confidence_level":0.95,"lower_bound":242540417.76666665,"upper_bound":248332901.56666666},"point_estimate":245042185.73333335,"standard_error":1504988.4561317088},"median":{"confidence_interval":{"confidence_level":0.95,"lower_bound":241625516.66666666,"upper_bound":246761309.0},"point_estimate":243426094.1666667,"standard_error":1362027.1930031057},"median_abs_dev":{"confidence_interval":{"confidence_level":0.95,"lower_bound":836318.0894524007,"upper_bound":6154140.940879495},"point_estimate":2975701.450070768,"standard_error":1379699.6462669577},"slope":null,"std_dev":{"confidence_interval":{"confidence_level":0.95,"lower_bound":1636978.9630153736,"upper_bound":7222103.1941231545},"point_estimate":5027742.053010908,"standard_error":1662061.3516098487}}