{"mean":{"confidence_interval":{"confidence_level":0.95,"lower_bound":33706435210.17,"upper_bound":33907302757.9},"point_estimate":33804806605.7,"standard_error":51460291.430153325},"median":{"confidence_interval":{"confidence_level":0.95,"lower_bound":33628874152.0,"upper_bound":33930056527.0},"point_estimate":33804418995.0,"standard_error":73980304.68314077},"median_abs_dev":{"confidence_interval":{"confidence_level":0.95,"lower_bound":32862387.356776,"upper_bound":298357139.21930194},"point_estimate":218204006.9775045,"standard_error":68912672.14912526},"slope":null,"std_dev":{"confidence_interval":{"confidence_level":0.95,"lower_bound":100590443.75833797,"upper_bound":210837610.29698354},"point_estimate":170909760.42007467,"standard_error":28473848.0363531}}