{"mean":{"confidence_interval":{"confidence_level":0.95,"lower_bound":2099656029.8,"upper_bound":2128627675.0},"point_estimate":2113179663.4,"standard_error":7445226.074990795},"median":{"confidence_interval":{"confidence_level":0.95,"lower_bound":2092731901.5,"upper_bound":2129936623.0},"point_estimate":2110875160.0,"standard_error":8762593.904678892},"median_abs_dev":{"confidence_interval":{"confidence_level":0.95,"lower_bound":5455766.269540787,"upper_bound":40018671.33322656},"point_estimate":21423407.27495849,"standard_error":9518027.6822242},"slope":null,"std_dev":{"confidence_interval":{"confidence_level":0.95,"lower_bound":11348528.39618183,"upper_bound":32467380.640311062},"point_estimate":24792804.168174144,"standard_error":5658544.186427083}}