{"mean":{"confidence_interval":{"confidence_level":0.95,"lower_bound":2087933260.365,"upper_bound":2114928625.0},"point_estimate":2101856024.8,"standard_error":6925475.553606345},"median":{"confidence_interval":{"confidence_level":0.95,"lower_bound":2081330552.0,"upper_bound":2120837864.5},"point_estimate":2108752552.0,"standard_error":11389840.819859508},"median_abs_dev":{"confidence_interval":{"confidence_level":0.95,"lower_bound":5025142.88328588,"upper_bound":37940404.20292318},"point_estimate":25769589.793798327,"standard_error":8693952.865367003},"slope":null,"std_dev":{"confidence_interval":{"confidence_level":0.95,"lower_bound":13226837.0540257,"upper_bound":27854881.594863012},"point_estimate":23065901.07115971,"standard_error":3702818.150966571}}