{"mean":{"confidence_interval":{"confidence_level":0.95,"lower_bound":462083602.4,"upper_bound":469983434.0},"point_estimate":465745388.8,"standard_error":2027706.2010733793},"median":{"confidence_interval":{"confidence_level":0.95,"lower_bound":459623827.0,"upper_bound":468713488.0},"point_estimate":466185571.5,"standard_error":2352930.431074256},"median_abs_dev":{"confidence_interval":{"confidence_level":0.95,"lower_bound":917333.5295140743,"upper_bound":10881643.323612213},"point_estimate":5847526.262685657,"standard_error":2595274.765509112},"slope":null,"std_dev":{"confidence_interval":{"confidence_level":0.95,"lower_bound":3183451.505676377,"upper_bound":9346659.88075266},"point_estimate":6779453.724439877,"standard_error":1794743.6977551498}}