{"mean":{"confidence_interval":{"confidence_level":0.95,"lower_bound":460689901.1,"upper_bound":474385215.3175},"point_estimate":466223716.1,"standard_error":3675098.539200354},"median":{"confidence_interval":{"confidence_level":0.95,"lower_bound":459690984.0,"upper_bound":468057567.5},"point_estimate":462330980.75,"standard_error":2635730.261894668},"median_abs_dev":{"confidence_interval":{"confidence_level":0.95,"lower_bound":627933.721151948,"upper_bound":10317824.267672002},"point_estimate":5354181.855194271,"standard_error":2544046.949093635},"slope":null,"std_dev":{"confidence_interval":{"confidence_level":0.95,"lower_bound":2954276.9054330094,"upper_bound":18450753.879448768},"point_estimate":12253308.522259941,"standard_error":5070694.064953771}}