{"mean":{"confidence_interval":{"confidence_level":0.95,"lower_bound":5980308408.787499,"upper_bound":6075903758.1},"point_estimate":6027020307.3,"standard_error":24485969.929526463},"median":{"confidence_interval":{"confidence_level":0.95,"lower_bound":5960155293.0,"upper_bound":6083468513.5},"point_estimate":6028652697.0,"standard_error":28066149.52263917},"median_abs_dev":{"confidence_interval":{"confidence_level":0.95,"lower_bound":5660824.671900272,"upper_bound":157301013.58054876},"point_estimate":76323085.76919436,"standard_error":37615949.9875961},"slope":null,"std_dev":{"confidence_interval":{"confidence_level":0.95,"lower_bound":44647731.516296335,"upper_bound":103662527.8371389},"point_estimate":81948941.05214846,"standard_error":15149572.624996725}}