{"mean":{"confidence_interval":{"confidence_level":0.95,"lower_bound":37078926518.925,"upper_bound":37430068672.6},"point_estimate":37248718687.4,"standard_error":89934828.59510736},"median":{"confidence_interval":{"confidence_level":0.95,"lower_bound":37027033962.5,"upper_bound":37510671217.0},"point_estimate":37169262791.0,"standard_error":128267558.28723305},"median_abs_dev":{"confidence_interval":{"confidence_level":0.95,"lower_bound":34418067.64835715,"upper_bound":510524402.37118006},"point_estimate":318318550.21241605,"standard_error":119941012.64533217},"slope":null,"std_dev":{"confidence_interval":{"confidence_level":0.95,"lower_bound":164843375.74552423,"upper_bound":382458662.9965391},"point_estimate":298835577.17425823,"standard_error":56462859.694497146}}