{"mean":{"confidence_interval":{"confidence_level":0.95,"lower_bound":236568301565.1,"upper_bound":239089084527.7},"point_estimate":237801344020.2,"standard_error":643011354.2687975},"median":{"confidence_interval":{"confidence_level":0.95,"lower_bound":236406613277.5,"upper_bound":239159371286.0},"point_estimate":237662471471.0,"standard_error":642125678.8944874},"median_abs_dev":{"confidence_interval":{"confidence_level":0.95,"lower_bound":503255179.85913455,"upper_bound":3612199058.3473473},"point_estimate":1407220569.4643407,"standard_error":799222763.5398707},"slope":null,"std_dev":{"confidence_interval":{"confidence_level":0.95,"lower_bound":971620193.6288205,"upper_bound":2870664905.3043704},"point_estimate":2139130805.6152406,"standard_error":482762886.83726174}}