{"mean":{"confidence_interval":{"confidence_level":0.95,"lower_bound":1303758543.185,"upper_bound":1410785147.195},"point_estimate":1344209711.3,"standard_error":30167542.12101678},"median":{"confidence_interval":{"confidence_level":0.95,"lower_bound":1298471454.0,"upper_bound":1345261879.0},"point_estimate":1310172938.0,"standard_error":13655869.880340602},"median_abs_dev":{"confidence_interval":{"confidence_level":0.95,"lower_bound":4464817.944833636,"upper_bound":53662783.142495155},"point_estimate":17966354.78633344,"standard_error":14617095.696304595},"slope":null,"std_dev":{"confidence_interval":{"confidence_level":0.95,"lower_bound":11808392.323573928,"upper_bound":153733485.0405316},"point_estimate":100417888.9417365,"standard_error":48054405.06936675}}