{"mean":{"confidence_interval":{"confidence_level":0.95,"lower_bound":1309104858.1,"upper_bound":1321733029.6},"point_estimate":1314797384.3,"standard_error":3250360.7968573165},"median":{"confidence_interval":{"confidence_level":0.95,"lower_bound":1306879719.0,"upper_bound":1319575444.0},"point_estimate":1312235021.5,"standard_error":3692790.826954883},"median_abs_dev":{"confidence_interval":{"confidence_level":0.95,"lower_bound":656044.5579528809,"upper_bound":15586050.165492296},"point_estimate":8153818.75154078,"standard_error":3494190.1530106566},"slope":null,"std_dev":{"confidence_interval":{"confidence_level":0.95,"lower_bound":4618134.474670981,"upper_bound":15038513.669567943},"point_estimate":10851542.564121574,"standard_error":3050368.7274325476}}