{"mean":{"confidence_interval":{"confidence_level":0.95,"lower_bound":31970345084.182503,"upper_bound":32161735852.197502},"point_estimate":32065922715.4,"standard_error":49036692.55493908},"median":{"confidence_interval":{"confidence_level":0.95,"lower_bound":31952601952.0,"upper_bound":32202587771.0},"point_estimate":32048155574.0,"standard_error":61992291.90144488},"median_abs_dev":{"confidence_interval":{"confidence_level":0.95,"lower_bound":47518445.55417895,"upper_bound":286826767.22730696},"point_estimate":154764500.74388087,"standard_error":62423733.875009514},"slope":null,"std_dev":{"confidence_interval":{"confidence_level":0.95,"lower_bound":89789355.49694902,"upper_bound":209201811.38979593},"point_estimate":163179893.2499512,"standard_error":30705600.373712946}}