{"mean":{"confidence_interval":{"confidence_level":0.95,"lower_bound":1513478331.1,"upper_bound":1537737463.2375},"point_estimate":1524354122.2,"standard_error":6242636.90136249},"median":{"confidence_interval":{"confidence_level":0.95,"lower_bound":1510572457.5,"upper_bound":1530981004.0},"point_estimate":1520784930.0,"standard_error":4394740.770449682},"median_abs_dev":{"confidence_interval":{"confidence_level":0.95,"lower_bound":1554309.627905488,"upper_bound":27621345.300123096},"point_estimate":10784144.584143162,"standard_error":7680393.602610832},"slope":null,"std_dev":{"confidence_interval":{"confidence_level":0.95,"lower_bound":7323920.638250392,"upper_bound":29657821.246563688},"point_estimate":20888895.161563933,"standard_error":6479197.123912841}}