{"mean":{"confidence_interval":{"confidence_level":0.95,"lower_bound":255669324.8675,"upper_bound":267222273.35},"point_estimate":260619383.45,"standard_error":3019733.093723607},"median":{"confidence_interval":{"confidence_level":0.95,"lower_bound":253131443.5,"upper_bound":262932200.0},"point_estimate":258295711.0,"standard_error":2293424.613248561},"median_abs_dev":{"confidence_interval":{"confidence_level":0.95,"lower_bound":403421.38323783875,"upper_bound":10994392.82771051},"point_estimate":7265300.664465129,"standard_error":2802984.4704437703},"slope":null,"std_dev":{"confidence_interval":{"confidence_level":0.95,"lower_bound":3204108.644200545,"upper_bound":14715500.981328055},"point_estimate":10053212.280957779,"standard_error":3558048.5068659503}}