{"mean":{"confidence_interval":{"confidence_level":0.95,"lower_bound":6235669511.3375,"upper_bound":6294847984.2},"point_estimate":6268456680.8,"standard_error":15302477.431633016},"median":{"confidence_interval":{"confidence_level":0.95,"lower_bound":6251331737.0,"upper_bound":6306242052.0},"point_estimate":6273410416.0,"standard_error":15142505.870092116},"median_abs_dev":{"confidence_interval":{"confidence_level":0.95,"lower_bound":8553494.34594512,"upper_bound":70340267.81111062},"point_estimate":36638748.14303219,"standard_error":14663270.683640977},"slope":null,"std_dev":{"confidence_interval":{"confidence_level":0.95,"lower_bound":20241188.11919278,"upper_bound":72614436.81589693},"point_estimate":50993625.40315111,"standard_error":15853645.31105393}}