{"mean":{"confidence_interval":{"confidence_level":0.95,"lower_bound":170012007711.5725,"upper_bound":173402778868.0},"point_estimate":171669531340.0,"standard_error":866942033.0080471},"median":{"confidence_interval":{"confidence_level":0.95,"lower_bound":169742227869.5,"upper_bound":173454249384.0},"point_estimate":171722244113.5,"standard_error":931069879.0718375},"median_abs_dev":{"confidence_interval":{"confidence_level":0.95,"lower_bound":538901107.1536928,"upper_bound":4821167092.477075},"point_estimate":2460149716.2516117,"standard_error":1101536528.8668206},"slope":null,"std_dev":{"confidence_interval":{"confidence_level":0.95,"lower_bound":1437317994.1747358,"upper_bound":3804267649.2871466},"point_estimate":2893611363.7783375,"standard_error":607396988.2491429}}