{"mean":{"confidence_interval":{"confidence_level":0.95,"lower_bound":556640474.225,"upper_bound":634807678.30625},"point_estimate":585526149.0,"standard_error":22402114.7424805},"median":{"confidence_interval":{"confidence_level":0.95,"lower_bound":552689512.5,"upper_bound":576048050.5},"point_estimate":559686858.5,"standard_error":7861812.076875112},"median_abs_dev":{"confidence_interval":{"confidence_level":0.95,"lower_bound":2066610.9293103218,"upper_bound":31029903.426209092},"point_estimate":16312154.985201359,"standard_error":8074413.841694292},"slope":null,"std_dev":{"confidence_interval":{"confidence_level":0.95,"lower_bound":9672289.181639308,"upper_bound":127335609.738083},"point_estimate":81020617.14737542,"standard_error":40638987.32348328}}