{"mean":{"confidence_interval":{"confidence_level":0.95,"lower_bound":153480005.54325396,"upper_bound":156313508.15149203},"point_estimate":154864568.1590873,"standard_error":725087.6345700368},"median":{"confidence_interval":{"confidence_level":0.95,"lower_bound":153177134.3333333,"upper_bound":156865796.0},"point_estimate":154295595.40555555,"standard_error":953340.7326544119},"median_abs_dev":{"confidence_interval":{"confidence_level":0.95,"lower_bound":306964.4585336297,"upper_bound":4089564.672645724},"point_estimate":2247742.074294598,"standard_error":960011.4627539705},"slope":{"confidence_interval":{"confidence_level":0.95,"lower_bound":152994278.6185635,"upper_bound":155754309.2037037},"point_estimate":154300343.52467534,"standard_error":695143.4790937667},"std_dev":{"confidence_interval":{"confidence_level":0.95,"lower_bound":1323555.6814617782,"upper_bound":3064308.2896616007},"point_estimate":2418764.431575752,"standard_error":441815.37815598823}}