{"mean":{"confidence_interval":{"confidence_level":0.95,"lower_bound":7622328423.4,"upper_bound":7668015231.0575},"point_estimate":7645170326.7,"standard_error":11720589.18735794},"median":{"confidence_interval":{"confidence_level":0.95,"lower_bound":7616222790.0,"upper_bound":7676103789.5},"point_estimate":7647666173.5,"standard_error":15354897.78384308},"median_abs_dev":{"confidence_interval":{"confidence_level":0.95,"lower_bound":10121433.515408635,"upper_bound":65721165.32391608},"point_estimate":40365543.38826835,"standard_error":14872793.672883984},"slope":null,"std_dev":{"confidence_interval":{"confidence_level":0.95,"lower_bound":21643345.15598489,"upper_bound":50027995.44285425},"point_estimate":39048428.875097,"standard_error":7262574.763691607}}