{"mean":{"confidence_interval":{"confidence_level":0.95,"lower_bound":276249472.95,"upper_bound":281367830.6},"point_estimate":278293474.45,"standard_error":1380906.3627110864},"median":{"confidence_interval":{"confidence_level":0.95,"lower_bound":276024586.25,"upper_bound":278414048.25},"point_estimate":277357209.5,"standard_error":616711.1049836533},"median_abs_dev":{"confidence_interval":{"confidence_level":0.95,"lower_bound":231716.6618362069,"upper_bound":3567978.7654057145},"point_estimate":1105022.161231935,"standard_error":891293.0142670972},"slope":null,"std_dev":{"confidence_interval":{"confidence_level":0.95,"lower_bound":855547.0908327878,"upper_bound":6977515.413178217},"point_estimate":4606343.804563227,"standard_error":1990995.581664029}}