{"mean":{"confidence_interval":{"confidence_level":0.95,"lower_bound":276621278.84,"upper_bound":280428172.85},"point_estimate":278284120.1,"standard_error":991683.66561189},"median":{"confidence_interval":{"confidence_level":0.95,"lower_bound":275639307.5,"upper_bound":279507388.5},"point_estimate":277968690.5,"standard_error":933785.0943897117},"median_abs_dev":{"confidence_interval":{"confidence_level":0.95,"lower_bound":196735.08610725403,"upper_bound":3987701.7060041428},"point_estimate":2933270.6743240356,"standard_error":1211671.4279635195},"slope":null,"std_dev":{"confidence_interval":{"confidence_level":0.95,"lower_bound":1168608.5846193933,"upper_bound":4718606.809999469},"point_estimate":3305702.6263064863,"standard_error":1059271.7709983448}}