{"mean":{"confidence_interval":{"confidence_level":0.95,"lower_bound":77859180665.8125,"upper_bound":78644487304.66751},"point_estimate":78280265224.8,"standard_error":200800675.7336699},"median":{"confidence_interval":{"confidence_level":0.95,"lower_bound":77951012213.0,"upper_bound":78856235897.0},"point_estimate":78263623439.5,"standard_error":237575531.0752652},"median_abs_dev":{"confidence_interval":{"confidence_level":0.95,"lower_bound":73840776.78756416,"upper_bound":1071962514.6899611},"point_estimate":726750522.3908991,"standard_error":258882636.991336},"slope":null,"std_dev":{"confidence_interval":{"confidence_level":0.95,"lower_bound":318741751.2840041,"upper_bound":908409000.8133328},"point_estimate":670510489.5480437,"standard_error":166139362.49395838}}