{"mean":{"confidence_interval":{"confidence_level":0.95,"lower_bound":5603327258.297501,"upper_bound":5655296960.3},"point_estimate":5628428673.8,"standard_error":13319510.190088602},"median":{"confidence_interval":{"confidence_level":0.95,"lower_bound":5594804146.0,"upper_bound":5675651815.0},"point_estimate":5611169259.5,"standard_error":22156201.640367005},"median_abs_dev":{"confidence_interval":{"confidence_level":0.95,"lower_bound":8293647.202858329,"upper_bound":71671398.69977832},"point_estimate":40323242.58711934,"standard_error":18181624.416798864},"slope":null,"std_dev":{"confidence_interval":{"confidence_level":0.95,"lower_bound":25336464.718672935,"upper_bound":52710403.90328731},"point_estimate":44448526.24881622,"standard_error":6813348.843355812}}