{"mean":{"confidence_interval":{"confidence_level":0.95,"lower_bound":16492632322.77,"upper_bound":16578868661.164999},"point_estimate":16537061019.6,"standard_error":22158321.692018006},"median":{"confidence_interval":{"confidence_level":0.95,"lower_bound":16465910692.5,"upper_bound":16601588384.5},"point_estimate":16563936010.5,"standard_error":41310957.70501324},"median_abs_dev":{"confidence_interval":{"confidence_level":0.95,"lower_bound":11814283.215254545,"upper_bound":117555280.74817657},"point_estimate":71583820.03673315,"standard_error":31313228.437502123},"slope":null,"std_dev":{"confidence_interval":{"confidence_level":0.95,"lower_bound":44180486.548422664,"upper_bound":85804012.3517971},"point_estimate":73760752.01353522,"standard_error":10568152.543505616}}