{"mean":{"confidence_interval":{"confidence_level":0.95,"lower_bound":3515379727.5575,"upper_bound":3554369898.4100003},"point_estimate":3533608325.6,"standard_error":9996064.39868581},"median":{"confidence_interval":{"confidence_level":0.95,"lower_bound":3505766529.0,"upper_bound":3558094787.0},"point_estimate":3528257572.5,"standard_error":12879082.57013841},"median_abs_dev":{"confidence_interval":{"confidence_level":0.95,"lower_bound":6174960.690772533,"upper_bound":55052167.60802865},"point_estimate":30517855.649399757,"standard_error":12949083.573866922},"slope":null,"std_dev":{"confidence_interval":{"confidence_level":0.95,"lower_bound":14467379.236802038,"upper_bound":41936805.81815799},"point_estimate":33359803.93139337,"standard_error":6975382.022160177}}