{"mean":{"confidence_interval":{"confidence_level":0.95,"lower_bound":1497978078.1375,"upper_bound":1531185519.5275},"point_estimate":1511532729.8,"standard_error":8813697.678742407},"median":{"confidence_interval":{"confidence_level":0.95,"lower_bound":1497393375.0,"upper_bound":1512862375.0},"point_estimate":1506123884.0,"standard_error":4686007.887361557},"median_abs_dev":{"confidence_interval":{"confidence_level":0.95,"lower_bound":1644533.9906036854,"upper_bound":24508109.227994084},"point_estimate":10438775.885474682,"standard_error":5748449.351964096},"slope":null,"std_dev":{"confidence_interval":{"confidence_level":0.95,"lower_bound":5804075.422376212,"upper_bound":44264443.2937465},"point_estimate":29405220.14263735,"standard_error":12197808.562523717}}