{"mean":{"confidence_interval":{"confidence_level":0.95,"lower_bound":44919710730.23,"upper_bound":45210331404.3175},"point_estimate":45073716351.5,"standard_error":74404414.43250383},"median":{"confidence_interval":{"confidence_level":0.95,"lower_bound":44869763257.0,"upper_bound":45296349433.0},"point_estimate":45126373389.0,"standard_error":98552175.78508261},"median_abs_dev":{"confidence_interval":{"confidence_level":0.95,"lower_bound":31216461.20479703,"upper_bound":431243414.75299895},"point_estimate":258548048.95965457,"standard_error":97937873.57941164},"slope":null,"std_dev":{"confidence_interval":{"confidence_level":0.95,"lower_bound":111778477.78542243,"upper_bound":307220291.61158156},"point_estimate":248481992.44309822,"standard_error":49336399.39436618}}