{"mean":{"confidence_interval":{"confidence_level":0.95,"lower_bound":17526471611.56,"upper_bound":17640521192.3},"point_estimate":17584486541.3,"standard_error":29133701.972707335},"median":{"confidence_interval":{"confidence_level":0.95,"lower_bound":17514630908.5,"upper_bound":17652099432.0},"point_estimate":17584925453.5,"standard_error":29969858.25287874},"median_abs_dev":{"confidence_interval":{"confidence_level":0.95,"lower_bound":13777559.15029943,"upper_bound":181813025.01167357},"point_estimate":77984049.93270636,"standard_error":47803695.75938681},"slope":null,"std_dev":{"confidence_interval":{"confidence_level":0.95,"lower_bound":51318173.32621531,"upper_bound":124688714.01940446},"point_estimate":97510357.58148292,"standard_error":18998826.1922921}}