{"mean":{"confidence_interval":{"confidence_level":0.95,"lower_bound":17335724768.302498,"upper_bound":17731589694.9},"point_estimate":17531326296.8,"standard_error":101669225.95739026},"median":{"confidence_interval":{"confidence_level":0.95,"lower_bound":17212583689.0,"upper_bound":17897306053.0},"point_estimate":17473766621.0,"standard_error":223080171.14910397},"median_abs_dev":{"confidence_interval":{"confidence_level":0.95,"lower_bound":21358087.626618147,"upper_bound":505323670.7252115},"point_estimate":496047672.7948934,"standard_error":148602135.29473034},"slope":null,"std_dev":{"confidence_interval":{"confidence_level":0.95,"lower_bound":234098162.54103705,"upper_bound":376781203.6289157},"point_estimate":339695071.4389668,"standard_error":37001176.001328155}}