{"mean":{"confidence_interval":{"confidence_level":0.95,"lower_bound":10100629613.4,"upper_bound":10179489781.0675},"point_estimate":10141474228.9,"standard_error":20230961.65950927},"median":{"confidence_interval":{"confidence_level":0.95,"lower_bound":10088175316.0,"upper_bound":10195809724.5},"point_estimate":10154906912.0,"standard_error":25972088.572886027},"median_abs_dev":{"confidence_interval":{"confidence_level":0.95,"lower_bound":11359670.620125532,"upper_bound":115021681.22045696},"point_estimate":67977457.86995888,"standard_error":28028336.270500373},"slope":null,"std_dev":{"confidence_interval":{"confidence_level":0.95,"lower_bound":34831042.62944634,"upper_bound":83657449.689035},"point_estimate":67651743.82340582,"standard_error":12079167.168015676}}